-- phpMyAdmin SQL Dump
-- version 4.9.4
-- https://www.phpmyadmin.net/
--
-- Host: localhost:3306
-- Generation Time: Jul 04, 2020 at 05:31 AM
-- Server version: 10.2.31-MariaDB
-- PHP Version: 7.3.6

SET SQL_MODE = "NO_AUTO_VALUE_ON_ZERO";
SET AUTOCOMMIT = 0;
START TRANSACTION;
SET time_zone = "+00:00";


/*!40101 SET @OLD_CHARACTER_SET_CLIENT=@@CHARACTER_SET_CLIENT */;
/*!40101 SET @OLD_CHARACTER_SET_RESULTS=@@CHARACTER_SET_RESULTS */;
/*!40101 SET @OLD_COLLATION_CONNECTION=@@COLLATION_CONNECTION */;
/*!40101 SET NAMES utf8mb4 */;

--
-- Database: `u8767111_mysmk`
--

-- --------------------------------------------------------

--
-- Table structure for table `babs`
--

CREATE TABLE `babs` (
  `id_bab` int(11) NOT NULL,
  `id_cikgu` int(11) NOT NULL,
  `id_subject` int(11) NOT NULL,
  `nama_bab` varchar(100) NOT NULL
) ENGINE=InnoDB DEFAULT CHARSET=utf8mb4;

--
-- Dumping data for table `babs`
--

INSERT INTO `babs` (`id_bab`, `id_cikgu`, `id_subject`, `nama_bab`) VALUES
(10, 3, 7, 'javascript'),
(59, 3, 6, 'routing'),
(60, 3, 6, 'subnetting'),
(61, 3, 7, 'laravel');

-- --------------------------------------------------------

--
-- Table structure for table `banksoals`
--

CREATE TABLE `banksoals` (
  `id` int(11) NOT NULL,
  `id_subject` int(11) NOT NULL,
  `status` int(11) DEFAULT NULL,
  `id_bab` int(11) NOT NULL,
  `id_tipe` int(11) NOT NULL,
  `id_cikgu` int(11) NOT NULL,
  `materi` text NOT NULL,
  `soal1` longtext DEFAULT NULL,
  `soal2` longtext CHARACTER SET utf8mb4 COLLATE utf8mb4_bin DEFAULT NULL,
  `soal3` longtext DEFAULT NULL,
  `soal4` longtext DEFAULT NULL,
  `soal_praktek` longtext DEFAULT NULL,
  `tanggal` datetime NOT NULL
) ENGINE=InnoDB DEFAULT CHARSET=utf8mb4;

--
-- Dumping data for table `banksoals`
--

INSERT INTO `banksoals` (`id`, `id_subject`, `status`, `id_bab`, `id_tipe`, `id_cikgu`, `materi`, `soal1`, `soal2`, `soal3`, `soal4`, `soal_praktek`, `tanggal`) VALUES
(70, 6, 1, 59, 2, 3, 'routing', '[{\"t\":\"pg\",\"s\":\"network adari 192.168.2.4\\/24 adalah ...\",\"v\":\"1\",\"a\":\"192.168.2.0\",\"k1\":\"1\",\"b\":\"192.168.2.4\",\"k2\":\"2\",\"c\":\"192.168.2.8\",\"k3\":\"3\",\"d\":\"192.168.2.128\",\"k4\":\"4\",\"e\":\"192.168.2.224\",\"k5\":\"5\",\"k\":\"1\"}]', '[{\"t\":\"isi\",\"s\":\"network id dari 10.11.11.2\\/24 adalah ..\",\"v\":\"1\",\"a\":\"10.11.11.0\",\"b\":\"xrty\",\"c\":\"xrty\"}]', '[{\"t\":\"tf\",\"s\":\"network id dari 10.11.11.3\\/30 adalah 10.11.11.0\",\"v\":\"1\",\"k\":\"1\"}]', NULL, '[{\"m\":\"\",\"s\":\"\"}]', '2020-06-29 10:25:53');

-- --------------------------------------------------------

--
-- Table structure for table `cikgus`
--

CREATE TABLE `cikgus` (
  `id_cikgu` int(10) NOT NULL,
  `username` varchar(100) NOT NULL,
  `cikgu_name` varchar(100) NOT NULL,
  `email` varchar(255) NOT NULL,
  `tempat` varchar(255) NOT NULL,
  `tanggal` int(11) NOT NULL,
  `bulan` int(11) NOT NULL,
  `tahun` int(11) NOT NULL,
  `status` int(11) NOT NULL,
  `bulan2` int(11) DEFAULT NULL,
  `tahun2` int(11) DEFAULT NULL,
  `foto` text DEFAULT NULL
) ENGINE=InnoDB DEFAULT CHARSET=utf8mb4;

--
-- Dumping data for table `cikgus`
--

INSERT INTO `cikgus` (`id_cikgu`, `username`, `cikgu_name`, `email`, `tempat`, `tanggal`, `bulan`, `tahun`, `status`, `bulan2`, `tahun2`, `foto`) VALUES
(3, 'ihsanabuhanifah', 'ihsan Santana Wibawa', 'ihsanabuhanifah@gmail.com', 'Sukabumi', 27, 4, 1992, 1, 2, 2017, NULL),
(13, 'abud', 'Arief Budiman', 'budiman3289@gmail.com', 'Solok', 3, 2, 1989, 1, 11, 2016, NULL),
(14, 'Alfarabay', 'Muhammad Rafli Al Farabi', 'alfarabay@gmail.com', 'Bekasi', 13, 3, 1998, 2, 7, 2019, NULL);

-- --------------------------------------------------------

--
-- Table structure for table `failed_jobs`
--

CREATE TABLE `failed_jobs` (
  `id` bigint(20) UNSIGNED NOT NULL,
  `connection` text COLLATE utf8mb4_unicode_ci NOT NULL,
  `queue` text COLLATE utf8mb4_unicode_ci NOT NULL,
  `payload` longtext COLLATE utf8mb4_unicode_ci NOT NULL,
  `exception` longtext COLLATE utf8mb4_unicode_ci NOT NULL,
  `failed_at` timestamp NOT NULL DEFAULT current_timestamp()
) ENGINE=InnoDB DEFAULT CHARSET=utf8mb4 COLLATE=utf8mb4_unicode_ci;

-- --------------------------------------------------------

--
-- Table structure for table `jadwals`
--

CREATE TABLE `jadwals` (
  `no` int(10) NOT NULL,
  `id_subject` int(10) NOT NULL,
  `id_cikgu` int(10) NOT NULL,
  `id_rombel` int(10) NOT NULL,
  `days` varchar(25) NOT NULL,
  `duration` int(10) NOT NULL,
  `jam_ke` int(10) NOT NULL,
  `id_ta` int(11) NOT NULL,
  `semester` int(11) NOT NULL,
  `mulai` int(11) NOT NULL
) ENGINE=InnoDB DEFAULT CHARSET=utf8mb4;

--
-- Dumping data for table `jadwals`
--

INSERT INTO `jadwals` (`no`, `id_subject`, `id_cikgu`, `id_rombel`, `days`, `duration`, `jam_ke`, `id_ta`, `semester`, `mulai`) VALUES
(1, 2, 12, 1, 'Monday', 1, 1, 1, 2, 0),
(2, 2, 12, 2, 'Monday', 1, 1, 1, 2, 0),
(3, 14, 12, 1, 'Tuesday', 1, 1, 1, 2, 0),
(4, 14, 12, 2, 'Tuesday', 1, 1, 1, 2, 0),
(5, 5, 4, 1, 'Wednesday', 1, 1, 1, 2, 0),
(6, 7, 6, 2, 'Wednesday', 1, 1, 1, 2, 0),
(7, 7, 6, 2, 'Thursday', 3, 1, 1, 2, 0),
(8, 6, 3, 1, 'Thursday', 3, 1, 1, 2, 0),
(9, 7, 3, 1, 'Friday', 2, 1, 1, 2, 0),
(10, 13, 7, 2, 'Friday', 1, 1, 1, 2, 0),
(11, 3, 8, 1, 'Saturday', 1, 1, 1, 2, 0),
(12, 3, 8, 2, 'Saturday', 1, 1, 1, 2, 0),
(13, 15, 12, 1, 'Monday', 1, 2, 1, 2, 0),
(14, 15, 12, 2, 'Monday', 1, 2, 1, 2, 0),
(15, 15, 12, 1, 'Tuesday', 1, 2, 1, 2, 0),
(16, 15, 12, 2, 'Tuesday', 1, 2, 1, 2, 0),
(17, 15, 4, 1, 'Wednesday', 1, 2, 1, 2, 0),
(18, 15, 6, 2, 'Wednesday', 1, 2, 1, 2, 0),
(19, 15, 6, 2, 'Thursday', 1, 2, 1, 2, 0),
(20, 15, 3, 1, 'Thursday', 3, 2, 1, 2, 0),
(21, 15, 3, 1, 'Friday', 1, 3, 1, 2, 0),
(22, 15, 7, 2, 'Friday', 1, 2, 1, 2, 0),
(23, 15, 8, 1, 'Saturday', 1, 2, 1, 2, 0),
(24, 15, 8, 2, 'Saturday', 0, 2, 0, 0, 0),
(25, 10, 10, 1, 'Tuesday', 1, 3, 0, 0, 0),
(26, 10, 10, 2, 'Tuesday', 1, 3, 0, 0, 0),
(28, 15, 10, 1, 'Tuesday', 1, 4, 0, 0, 0),
(29, 15, 10, 2, 'Tuesday', 1, 4, 0, 0, 0),
(30, 0, 0, 0, 'Sunday', 0, 0, 0, 0, 0);

-- --------------------------------------------------------

--
-- Table structure for table `jenis_ujians`
--

CREATE TABLE `jenis_ujians` (
  `id_ujian` int(11) NOT NULL,
  `nama_ujian` varchar(100) NOT NULL,
  `singkatan_ujian` varchar(100) NOT NULL
) ENGINE=MyISAM DEFAULT CHARSET=latin1;

--
-- Dumping data for table `jenis_ujians`
--

INSERT INTO `jenis_ujians` (`id_ujian`, `nama_ujian`, `singkatan_ujian`) VALUES
(1, 'PH', 'Penilaian Harian'),
(2, 'PTS', 'Penilaian Tengah Semester'),
(3, 'PAS', 'Penilaian Akhir Semester'),
(4, 'Kuis', 'Kuis'),
(5, 'Tugas', 'Tugas');

-- --------------------------------------------------------

--
-- Table structure for table `jurnals`
--

CREATE TABLE `jurnals` (
  `no` int(11) NOT NULL,
  `id_cikgu` int(10) DEFAULT NULL,
  `id_rombel` int(10) DEFAULT NULL,
  `id_subject` int(10) DEFAULT NULL,
  `tanggal` date DEFAULT NULL,
  `materi` varchar(1000) DEFAULT NULL,
  `jam_ke` int(2) DEFAULT NULL,
  `total_jam` int(11) DEFAULT NULL,
  `id_ta` int(11) DEFAULT NULL,
  `semester` int(11) DEFAULT NULL
) ENGINE=InnoDB DEFAULT CHARSET=utf8mb4;

--
-- Dumping data for table `jurnals`
--

INSERT INTO `jurnals` (`no`, `id_cikgu`, `id_rombel`, `id_subject`, `tanggal`, `materi`, `jam_ke`, `total_jam`, `id_ta`, `semester`) VALUES
(102, 3, 1, 6, '2020-07-01', 'satu', 1, 3, 1, 2),
(103, 3, 1, 6, '2020-07-01', 'dua', 2, 3, 1, 2),
(104, 3, 1, 6, '2020-07-02', 'Materi tentang routing', 1, 3, 1, 2),
(105, 3, 1, 6, '2020-07-02', NULL, 2, 3, 1, 2),
(106, 3, 1, 6, '2020-07-02', NULL, 3, 3, 1, 2);

-- --------------------------------------------------------

--
-- Table structure for table `jurnal_gurus`
--

CREATE TABLE `jurnal_gurus` (
  `id` int(11) NOT NULL,
  `tanggal` date NOT NULL,
  `id_cikgu` int(11) NOT NULL,
  `hari` int(11) NOT NULL,
  `kegiatan` longtext NOT NULL,
  `save` timestamp NOT NULL DEFAULT current_timestamp() ON UPDATE current_timestamp()
) ENGINE=InnoDB DEFAULT CHARSET=utf8mb4;

--
-- Dumping data for table `jurnal_gurus`
--

INSERT INTO `jurnal_gurus` (`id`, `tanggal`, `id_cikgu`, `hari`, `kegiatan`, `save`) VALUES
(1, '2020-07-01', 3, 3, '[{\"m\":\"08:00\",\"s\":\"12:00\",\"k\":\"Rapat Akademik membahas kurikulum\"},{\"m\":\"13:00\",\"s\":\"15:00\",\"k\":\"Mengerjakan Proyek Membuat Aplikasi\"}]', '2020-07-03 03:55:02'),
(6, '2020-07-02', 3, 4, '[{\"m\":\"08:00\",\"s\":\"12:00\",\"k\":\"Rapat dengan kepala Sekolah bersama tim Raker Akademik dan Manajerial\"},{\"m\":\"13:00\",\"s\":\"15:00\",\"k\":\"Mengerjakan project aplikasi MySMK\"}]', '2020-07-03 08:56:46'),
(7, '2020-07-03', 3, 5, '[{\"m\":\"08:00\",\"s\":\"11:30\",\"k\":\"Melakukan pendataan guru dan wali santri kelas XI untuk daftar di MySMK\"}]', '2020-07-03 08:56:04');

-- --------------------------------------------------------

--
-- Table structure for table `kbms`
--

CREATE TABLE `kbms` (
  `id` bigint(20) UNSIGNED NOT NULL,
  `id_cikgu` int(11) NOT NULL,
  `id_rombel` int(11) NOT NULL,
  `id_subject` int(11) NOT NULL,
  `absen` longtext COLLATE utf8mb4_unicode_ci NOT NULL,
  `tanggal` date NOT NULL,
  `id_ta` int(11) NOT NULL,
  `semester` int(11) NOT NULL
) ENGINE=InnoDB DEFAULT CHARSET=utf8mb4 COLLATE=utf8mb4_unicode_ci;

--
-- Dumping data for table `kbms`
--

INSERT INTO `kbms` (`id`, `id_cikgu`, `id_rombel`, `id_subject`, `absen`, `tanggal`, `id_ta`, `semester`) VALUES
(137, 3, 1, 6, '[{\"n\":\"123456759\",\"s\":null,\"k\":\"2\"},{\"n\":\"10011111\",\"s\":\"terlambat 20 menit\",\"k\":\"3\"}]', '2020-07-01', 1, 2),
(138, 3, 1, 6, '[{\"n\":\"123456759\",\"s\":null,\"k\":\"2\"},{\"n\":\"10011111\",\"s\":null,\"k\":\"3\"},{\"n\":\"123456789\",\"s\":null,\"k\":\"1\"}]', '2020-07-02', 1, 2),
(139, 3, 1, 6, '[{\"n\":\"123456759\",\"s\":null,\"k\":\"2\"},{\"n\":\"10011111\",\"s\":null,\"k\":\"3\"},{\"n\":\"123456789\",\"s\":null,\"k\":\"1\"}]', '2020-07-03', 1, 2);

-- --------------------------------------------------------

--
-- Table structure for table `kelompok_halaqohs`
--

CREATE TABLE `kelompok_halaqohs` (
  `id_kelompok` int(11) NOT NULL,
  `nama_kelompok` varchar(255) NOT NULL,
  `id_ta` int(11) NOT NULL,
  `semester` int(11) NOT NULL
) ENGINE=InnoDB DEFAULT CHARSET=utf8mb4;

--
-- Dumping data for table `kelompok_halaqohs`
--

INSERT INTO `kelompok_halaqohs` (`id_kelompok`, `nama_kelompok`, `id_ta`, `semester`) VALUES
(1, 'kelompok dummy', 1, 2);

-- --------------------------------------------------------

--
-- Table structure for table `laporan_halaqoh_onlines`
--

CREATE TABLE `laporan_halaqoh_onlines` (
  `id` int(11) NOT NULL,
  `hari` int(11) NOT NULL,
  `tanggal` date NOT NULL,
  `waktu` time NOT NULL,
  `id_pembimbing` int(11) NOT NULL,
  `id_kelompok` int(11) NOT NULL,
  `nama_santri` longtext NOT NULL,
  `id_ta` int(11) NOT NULL,
  `semester` int(11) NOT NULL
) ENGINE=InnoDB DEFAULT CHARSET=utf8mb4;

--
-- Dumping data for table `laporan_halaqoh_onlines`
--

INSERT INTO `laporan_halaqoh_onlines` (`id`, `hari`, `tanggal`, `waktu`, `id_pembimbing`, `id_kelompok`, `nama_santri`, `id_ta`, `semester`) VALUES
(22, 4, '2020-07-02', '17:00:00', 1, 1, '[{\"n\":10011111},{\"n\":123456689},{\"n\":123456759}]', 1, 1);

-- --------------------------------------------------------

--
-- Table structure for table `mapels`
--

CREATE TABLE `mapels` (
  `id_subject` int(10) NOT NULL,
  `subject_name` varchar(100) NOT NULL
) ENGINE=InnoDB DEFAULT CHARSET=utf8mb4;

--
-- Dumping data for table `mapels`
--

INSERT INTO `mapels` (`id_subject`, `subject_name`) VALUES
(1, 'Bahasa Inggris'),
(2, 'Matematika'),
(3, 'Bahasa Indonesia'),
(4, 'Fisika'),
(5, 'Server Admin'),
(6, 'Network Admin'),
(7, 'Pemprograman Web'),
(8, 'Pemprograman Android'),
(9, 'Aqidah'),
(10, 'Fiqih'),
(11, 'Siroh'),
(12, 'Adab'),
(13, 'Pemrograman Java Dekstop'),
(14, 'Office'),
(15, 'Pengumpulan Tugas');

-- --------------------------------------------------------

--
-- Table structure for table `mapel_aktifs`
--

CREATE TABLE `mapel_aktifs` (
  `id` int(11) NOT NULL,
  `id_subject` int(11) NOT NULL,
  `id_cikgu` int(11) NOT NULL,
  `id_rombel` int(11) NOT NULL,
  `id_ta` int(11) NOT NULL,
  `semester` int(11) NOT NULL,
  `PH` int(11) DEFAULT NULL,
  `PAS` int(11) DEFAULT NULL,
  `PTS` int(11) DEFAULT NULL,
  `Kuis` int(11) DEFAULT NULL,
  `Tugas` int(11) DEFAULT NULL,
  `id_tipe` int(11) NOT NULL,
  `status` int(11) NOT NULL
) ENGINE=InnoDB DEFAULT CHARSET=utf8mb4;

--
-- Dumping data for table `mapel_aktifs`
--

INSERT INTO `mapel_aktifs` (`id`, `id_subject`, `id_cikgu`, `id_rombel`, `id_ta`, `semester`, `PH`, `PAS`, `PTS`, `Kuis`, `Tugas`, `id_tipe`, `status`) VALUES
(1, 6, 3, 1, 1, 1, 20, 20, 20, 20, 20, 2, 1),
(2, 6, 3, 1, 1, 1, 20, 20, 20, 20, 20, 1, 1),
(3, 1, 3, 1, 1, 1, 0, 0, 0, 0, 0, 2, 1);

-- --------------------------------------------------------

--
-- Table structure for table `materis`
--

CREATE TABLE `materis` (
  `id` int(5) NOT NULL,
  `id_subject` int(10) NOT NULL,
  `id_cikgu` int(11) NOT NULL,
  `id_rombel` int(11) NOT NULL,
  `id_angkatan` int(11) DEFAULT NULL,
  `id_bab` int(10) NOT NULL,
  `submateri` varchar(100) NOT NULL,
  `youtube` varchar(100) DEFAULT NULL,
  `isi_materi` longtext DEFAULT NULL,
  `waktu` timestamp NOT NULL DEFAULT current_timestamp() ON UPDATE current_timestamp(),
  `urut` int(11) NOT NULL
) ENGINE=InnoDB DEFAULT CHARSET=utf8mb4;

--
-- Dumping data for table `materis`
--

INSERT INTO `materis` (`id`, `id_subject`, `id_cikgu`, `id_rombel`, `id_angkatan`, `id_bab`, `submateri`, `youtube`, `isi_materi`, `waktu`, `urut`) VALUES
(192, 6, 3, 1, 1, 59, 'Routing Dynamic Routing Information Protocol (RIP)', 'vO7-BmJLLBA', '<h3 style=\"margin-right: 0px; margin-bottom: 12px; margin-left: 0px; line-height: 1.4; font-size: 28px; padding: 0px; border: 0px; font-variant-numeric: inherit; font-variant-east-asian: inherit; font-stretch: inherit; font-family: Raleway; vertical-align: baseline; color: rgb(43, 44, 51);\">Fungsi Atribut Rowspan and Colspan</h3><p style=\"margin-right: 0px; margin-bottom: 20px; margin-left: 0px; padding: 0px; border: 0px; font-variant-numeric: inherit; font-variant-east-asian: inherit; font-stretch: inherit; font-size: 16px; line-height: inherit; font-family: &quot;Open Sans&quot;; vertical-align: baseline; color: rgb(39, 39, 39);\"><b style=\"font-weight: bold; margin: 0px; padding: 0px; border: 0px; font-style: inherit; font-variant: inherit; font-stretch: inherit; font-size: inherit; line-height: inherit; font-family: inherit; vertical-align: baseline;\">Atribut rowspan</b>&nbsp;and&nbsp;<b style=\"font-weight: bold; margin: 0px; padding: 0px; border: 0px; font-style: inherit; font-variant: inherit; font-stretch: inherit; font-size: inherit; line-height: inherit; font-family: inherit; vertical-align: baseline;\">colspan</b>&nbsp;digunakan untuk membuat sel tabel ‘bersatu’ dengan sel yang lain. Atribut ini diletakkan pada tag<b style=\"font-weight: bold; margin: 0px; padding: 0px; border: 0px; font-style: inherit; font-variant: inherit; font-stretch: inherit; font-size: inherit; line-height: inherit; font-family: inherit; vertical-align: baseline;\">&nbsp;td</b><b style=\"font-weight: bold; margin: 0px; padding: 0px; border: 0px; font-style: inherit; font-variant: inherit; font-stretch: inherit; font-size: inherit; line-height: inherit; font-family: inherit; vertical-align: baseline;\">&nbsp;dari&nbsp;</b>sebuah tabel. Agar mudah memahami, langsung saja kita buat contoh kode HTMLnya.</p><p style=\"margin-right: 0px; margin-bottom: 20px; margin-left: 0px; padding: 0px; border: 0px; font-variant-numeric: inherit; font-variant-east-asian: inherit; font-stretch: inherit; font-size: 16px; line-height: inherit; font-family: &quot;Open Sans&quot;; vertical-align: baseline; color: rgb(39, 39, 39);\">Buka aplikasi text editor, ketikkan kode berikut, dan save sebagai&nbsp;<b style=\"font-weight: bold; margin: 0px; padding: 0px; border: 0px; font-style: inherit; font-variant: inherit; font-stretch: inherit; font-size: inherit; line-height: inherit; font-family: inherit; vertical-align: baseline;\">tabelspan.html</b></p><p style=\"margin-right: 0px; margin-bottom: 20px; margin-left: 0px; padding: 0px; border: 0px; font-variant-numeric: inherit; font-variant-east-asian: inherit; font-stretch: inherit; font-size: 16px; line-height: inherit; font-family: &quot;Open Sans&quot;; vertical-align: baseline; color: rgb(39, 39, 39);\"><i style=\"margin: 0px; padding: 0px; border: 0px; font-variant: inherit; font-weight: inherit; font-stretch: inherit; font-size: inherit; line-height: inherit; font-family: inherit; vertical-align: baseline;\">Contoh penggunaan atribut rowspan and colspan:</i></p><p><br></p><p><img src=\"data:image/png;base64,iVBORw0KGgoAAAANSUhEUgAAAvIAAAJHCAYAAADynLKKAAAAAXNSR0IArs4c6QAAAARnQU1BAACxjwv8YQUAAAAJcEhZcwAADsMAAA7DAcdvqGQAAP+lSURBVHhe7L13WFRbnrb9/fW97zfvzPS8Mz3dPd3T04ecc84555xzTiJRAXPChGBOKGbBjGBAEEFAsmTBnHPO2efbu6qAAsujcjha6O8+130daq21d60Kbp69WHvt/+fWrVsgSZIkSZIkSXJsSUGeJEmSJEmSJMegFORJkiRJkiRJcgz6/+A30nXmBuf/r16/wYuXr0iSJEmSJEmS/IQdp69zsvNoMGpBniAIgiAIgiCIX6fr7E3eT78dCvIEQRAEQRAE8Y2gIE8QBEEQBEEQYxAK8gRBEARBEAQxBqlq7OX99NuhIE8QBEEQBEEQ3wgK8gRBEARBEAQxBqEgTxAEQRAEQRBjEAryBEEQBEEQBDEGoSBPEARBEARBEGOQMRjk3+HR9Ys42diE7hvPeGXAnXPN6Dp3BS/e8gqEmTdPca6vEyfP3sZY6K7w8QLnmpvR0HUOD55z38HXj2+ip70J156+4zwmCOJ78Rq3+nrQwByj+714/zWn/HbfKXR238ArbkO8fHQd7W19uPP0FT7wyr4db3D33Gk08fXzzG32dwpTfv4006/LeMltiDfPbqPj5CncePjyO/TzLR5cPodWvn72XHuI10/voZc55vWXcWxqxpVHb/Hu2V10tbfyyntw+0n/K/kevMPjG5fQxtfPzkt38O49U37zMlN+Gk/e8o7bbx+jt60T5289xXtuyTfkPZ7evYYOvn52nL+B12/f49m960x5L+6/eMNt+pb5Hd7Zib7rj5lX9635gBePbqGLr5/tZ67g+Zv3vPIe3HrM+7zfPcPlnk50X374HfrJ0v8ZM+/ltSe8MuDehZPoPHMJz96+xY0+9ueLePb0LlraO3HhXv/RgR/mNT+8ge6TTbj8iD2WDOPlPZw82YLWnnN49JL7zXnD7K+vswmXHvDt7/1b3L3Wh4beq3jBvF/9vH/3Gtf6uJ/3q7ff/l/4b2UMBvlnqFkxDXoSMrBO341bvM90R4oSHFIW4uxj7mOh5l4HUsPtoJOwHWOhu8LHeaQoKEFE1x8FdZfxnvl3d7u+AB4mMlje9pTXhiCI78MtbAnxghhzjBbh6Tu9AOef3MbWMB9Yu67FNV7LCzUrYWYcjt1tN75DcLuHvakRkOfrp/34heh9dB/70qNgajgXl/pbniqCtZ4P1lZf/A6B6BGOZKdCna+fhkEZOFK1HyHMMa+/jFVUWgGz9neiZGkctNWZYySn3Bvbmq/w9vU9eI4T62bDkK+fmm5xqL36AA0F2TCSiEbzoxfcpo8aEGRoi7Qt7QMne9+O1+jctxSWfP1UcwhDySkmHJcsh7VEMA6dv8dt+qQNKba2CF/RCF7PvyHvcb5mE5z4+qli7YtNjVdw4cQWODOf95bGy9ymz05hjqctXOcdZ5LT9+AFGjZkw5jpo0nCFtzk5bWSyTqwiZ+JnoePsCZcGzZx09HdtgfqZnbIOniV22gIb3G+ah1cdWUwt+bjNdMfNi5nvu+KkLeNxL7Ou5xjyb2OfQizkcHMSr7v/uvH2LskHCKBi4acMLx5egdLwmRgkbYW15+MveFVoQry3We/LshL63piWeUFsOfIYyrIc0bkO9B65haNyI8IXpCXUIJO9Grcef2OgjxBCA3cIG9sMw0lDY3YNdsTskZOWFZ/SiiDvIFuMvYx/dy7KBzq+kaYebRXKIO8rjzzPjH9LFmRDH1tJcQVdaK3rRE1h1bAVMUc4/N2oYaprz2yDd7KzMlT9hbUM49LV21D7TlhCPI+2FRZi4MFM2CjJwP/zSeFNMi7Yem+ChzZngd35neKTd4xIQ3yDpi9qRRH965HkJUMNCYVC3WQl9JwQs7hc8y7zB/k3+J6Xys6Tl/Es7O/FuS5I/JdrY24/HD4iPxjVMxiTlydA+BoZYnpRS14wRxMvibIsyPyV3sb0X7uOo3I8/4/Yr4uyMdj8kxbOIdMQ8v1FyjiC/JXGncg2p57pqpsZIuChsvgzcD4try4iNUJPjAMn4e5qe6c/qRsPImX7Ih8hD30s4/h6fVWZAc6QYqpE7GORNHxciRaWcM/cyFCvSwgo6qPNbV3OScrRD9skDeDR8A4uNtqYGbxBVzhC/JPTpUiwF6LO1phHoz1NRdx8cRamBv5YknuZCgoasIhNgdH9y2BspISjEMy0Xj9FW717ocHuw2jin40Snru0/tOEF8NN8jbeKznBPY7FbMhZeCI7Ip2TpA3spqKUt6UgL35WdD9zkHezHQBJ7Dfr10GbWMzpO5v5wR5A+3x2Mfr55Ed82H4nYO8vuJEnGMePWzZDBszHQRvP8+pfXOrHA6ajlhwoI85Xn3Avb4KxNgqQzxwPhraenDt0Wt8+PA9w0l/kI9B65NXA8dn2+V1vCDvjY2VNdxpIpUb4Kxr9Z2DfAiOXLyP5xdqMM5LF5rTD/KCvCuW7C3n9vPYNgSZmn/nIO+DbS1X8PJGJ6aEGEJsXCEvyNtj5sYSbj+rdyLB1kQIgnw0Js10hKPfBJy4/JwvyD/G2ggz+KZvwZW+wSD/9swOaGqocH+Hm8Wi5NRNnK9eB1c9ZxT2PuDtm8ub6/UYF2AKh5wybJvhA/Nxq3D9yZuBID/jSB+q8zNgoG6KOftOcoO8zxSsnxLE7F8HQdl7ce3OTc6IvO+87TjXvRe2us5Iz0yBhWUi6sfA4PCYDvK1vdVItHZk/tE3YFsyL8jfvoLpzjqw9kzG3MVLkeRvDs3gKWi+/h3mCLJBPt4HGjbhmLdgPqIdrKBrNBk9N7hTa/Szj6B9zxLOn/Jck2Yjd/N+dJ2pxThzU5j7pWFBzmx4qBvAK2ErrlGi5IMb5BOz9+Po8nQY2aVjb/HqgSD/7GobdmxYitycuQhyN4Nm6hb0VK2GuaopwpNmYXp6KFRV+n8OY372xrqq83hw/SQ2Md+Z3MULEWhhgKCJu3GT/mRCEF8JN8hrGoRh5pJlmBJhBVWLaOzqO8cJ8uK8k+UBv3OQ11LzxXSmn9PinKFu4IWCjgucIK8wvJ/fOchryzpjCtPPGeN9oaFuhcXN3EAzNMgD757exrFdC+Gipw0RFSP4ztqJ8/eec9p+H/qDvA0mLMzD7PRw6KkZYEr5aV6QH/Y+Kxl/5yBvgYQZC5A9aRzMtHQRW9jKC/LD+imr/p2DvAnCJs7BvOkTYKuvDa9l1bwgP6yfjMIQ5I921yLdzhHj86uxM0Obb2qNKXyGBflX11qwetUK5nf4TPhZGcN06gH0cqbWOGH7kCD/FueProerpiU2dVxB47Y5MNSOQPnFRwNBPmVRPryZE1+PWXtx7/EDbpDX8sKs2QuQEu4OBa14VJ46yxfk98BGyQB+cdOwdFUJrnzPy0u+ECEL8h/PffqYwSDf9ewhajdNho1tPCJ85blB/kodvDWtkLGxlfMPrPfQXOiaR6O48/a3v0iJF+SNw9bi1lum30sSYGqWhKaL/UH+GO53lyHMThc6dl6ImbYU7WeYs0sLa4QtOoZH7x5gY5QtXGLX4vy3P1oIMf1BvgL3HvUhy8sMLl7+0Ndlg/wjXG3ei4kxgfD2Yd57A02IRK5F17FVMNf2xfrai7jGnHG7Sdgjt6QbV3uK4S7hhGUHT+Fi4wZ4+zHb+fnBWEMT3qmbcXkM/CMmCOFi+Bx5G6yuPoun77hz5I0sp3Cm3LDTPvas/f4j8oNz5C2QvacFj99y58jra4/HXl4/y4rmffcR+cE58iZIz6/EQ94gw/Agz+HdM1zsasO2vCRoyetiWmk3r+J7MHyOvD6i5+/FzRdPB0bkNxw9znmf648Kw4h8fz+1ETR5C84/ejYwIr94zxFuPyu3IvC7j8j391MdnuNXo/PO88ER+Q0l3H5W7UCCjXCMyDfevYfGollwsI1GhJ/yrwb5G8eXIyKU/R3uCUNNdRglF6FDUJB/8xglyxMgK6EFaw8fOFiZMT+rIqP4zECQV9PUhYpNBEo67uN9/9Qa5xnoufUQ7XtzYS4RzNT1DQ3y6k7IKe3BqzEyy2ZMB/nu12/x4X4XpsTYQZT5QnOC/PUuxBsawH/8KhxtbMKaDA8o+03HicvPvluQNxtfhCfMF7opfzzMLIYGefYq+XbmH1zpmmTmDN8RuZs3IdrKFtFrmpgtnqAo2Y6C/EcMBvlHzKd6piIX2qrcg9ry+gvYnB0KCc+pOHKoGGmBpoNB3igURS3XcbPvILwlnLH8UC+unzkEH06Qb8H6OBPYhczG/pr9iFQzoCBPECOCb2rNhw+caR3cqR3CebErZ2rNkH4K58Wu7NSas0P6yWX41JqbZ9qxf8tu1DY24lDRUrjpqSNrXyev9feAf2rNy4H+f/jAhDyhnCMfgrKL9/n6+UZI58j7cC5iHuznByGeIx+Npocv8OFhL+YkukBcUubTQX5vHdbG+sAweCEqj2yFn4sJDD8R5J/fPY1pLorQNHOCh28AvLw9YaSlAd3QApzlBfnU5esQqGuK4HnFuPOENyLPmSP/FF37l8NKUJDX8cSKyvNj5hrGMR/kWe43L4OhjNzAHPmWogxYanCDnZKOH1Ye7sZ3uRD5s0F+cGqNiIQijL1mo6brKBIoyH8G/iDP/CJ7dBlr0xyYM3EmyLfeRfvuebBQk4GKujtc3M2+MMifQuPWBKgx+9BwCYKXqS4FeYIYEUPnyA8ixEGeV8JFeIM8O0d+OILmyMfacn//iUhowCFgEVqus0fK78XQOfKDCG+QZ+fIDyLEQb6F/yJm4Q/yLA9OroWVsuKvjMifRlv+FCjJKUPfygMOpsYw+USQv9m2mfleWWLGdu4Frnh7F/tnR8LQOBIHj/PmyJf1oWpDBvTMXDC7uJmC/Gf4RkH+HR5eu4jWhjN4xq47yPL2Ebobm9B59grnotY3Lx7idDv3T6InOy/iuy0t/u4lExR70HaGXS+eXUv3LNraz+LxS96qNZfu4+mdq5wR+fqGZpw6dxdv3j7BmfYOnOasT/sWt892oOv0dbz4Xq9BKHmBs01tOHP5Afcf2vs3uHf1LJqZ95FdR55dU767rZF5ry/i4qVTqO+7jqcPrqPtZC9uM79IXj+/h56GLly79wyvOD93cn5++eQG57PouHANV061oefcTfCWpCUI4ot5jVu93ejgWy+eC1veg46u6wPlLx5eQ9t3XEf+zrk+5vkH14vnwq4vz5SfHLaOfGsPrn+ndeTvXzqHk03nBYbG96/vo7OlE5fvPeecDL198Qhnu7i//+ob2nD+2qPvcPLBzzs8unEJJxvY9eL5D6jsGuPc8sd868ifOtmBc99xHfn2hl7cf8l/Udp7POsvH1hH/gnOdnSg99r3Wkf+JjobenBryP0BeOvLN3QPWUf+UjeTIb7rOvIff8a9zc3oYNeOf8OuWsP+rr2Fl8/voLmtA+fvvWSaXEdzcwt6Tl/EeeZY0n72Np5yVq3pxO3ng5/NyweXmO94J67c6f++vOfkrJNtbbhx9y56Oxpx8cFLvGTel+6TjWi9cBd3r/ah/tQVvHjzbuDzvvf0OWfVmp7Lt/Di2R3m33o3rj148R3+rY+MMRjkCYIgCIIgCIKgIE8QBEEQBEEQYxAK8gRBEARBEAQxBqEgTxAEQRAEQRBjEAryBEEQBEEQBDEGoSBPEARBEARBEGMQCvIEQRAEQRAEMQahIE8QBEEQBEEQYxAK8gRBEARBEAQxBhHKIH/vwWPcuH2PJEmSJEmSJMlPWFbbycnOowGNyBMEQRAEQRDEN0K4RuTPUZAnCIIgCIIgiC+BgjxBEARBEARBjEEoyBMEQRAEQRDEGISCPEEQBEEQBEGMQSjIEwRBEARBEMQYhII8QRAEQRAEQYxBhCzI3+L9RBAEQRAEQRDEr0FBniAIgiAIgiDGIBTkCYIgCIIgCGIMQkGeIAiCIAiCIMYgYzLIv3t+Dz2ddUj3DsD8yhu8UuHlw7vnOF4wFWFZm3D3+Vu8fHQGRTMyEOAdjNj0VWi69hR32gvh7RfI0d3FHnYBU9B89R5OFs2HnXcgPJySUNByhbO/l/cvov7YNsSFxaLi/Av2CXCpeQ9SYzzhERiM9E01ePwaeHXvLOYlOcPTzw8uk9fjNtP03dMzWJ88nnkeX4SkL0TTxcecfRIEQRAEQRBjizEZ5F/fPYOdW45i8+apmDcGgvyTm+1YmBKOkIVMkH/6HO1Ht2NzaT2ev36BEzuWYVHhMTx9y2vMcP7IPKwp6sODi4cwbfZOXH3FhPIbxzFx4j48YOofnTmGjXsrkL+YG+Q/vH6KwzuXoLDlNl4/v4Xdq6fi+NU3uF23FBm7z+ENXuPkhmSs63yJ1zfP4fzDp8xeXjJlkzFjVyvnOQmCIEaPBzi0fAXylmxCdd9tvP/AKxY6HqF6/TqmnwUob7+C1+95xULHEzQXbmX6mY8D9Wfx4h2veMzwDF0lu7FkyWrsOdqNx3y/74SLF+irKMXKJStReKAVD97wioWOV7hwogJrlyzDpl0ncOc1r5j4KRnTU2uObps2BoL8c1SvXYai3Rswax0T5B8+QHHJFuxpvYMPzH+3T+7CgoLNuPucd2R+fhorFmzApZfMobt1I2Ye6OOWM78Y92XloPUZ99Gbp3dR2B/k3zzDQSbIF9RdxYtnV7E1Nx0nbrzDvabVSNjQyfyTf4HjSyOxuY//6PkGPbtWY9OJ07zHBEEQo8FLdBRNwZKddaivKsH85I248FoYk9sr9JYuwJKt5ag/fgiLMzei8w47yCFsvMG5ytVYvKEY9TXlWD1zA06cvcerGwu8xZWmIizL34qamipszClAWdMVCN+5yHvc6j6ENavX4mh1LQqXr8e+8jMQvoz8Afcv1qJgZR4OHWvAPuZEdPvuLua3PPGzQkH+9+TNU9TumoM1xy/iXtsuzGWC/O27t7Fx0xLsbL/PafLsXBUWFxXj9jP2sMaE662zsbi8j/mnyvxzvV2P1JgF2NfYhIbq7QjxzUQDbyYMf5B//+4NrnWXIXtWOgLCIrG1vhc3n7zB46tt2LJuNme6Ts6uwzh9hzk7YHj/9im6y4qYE4vNuHCPW0YQBDEq3KpDYNp8HKprQEPjcaxJTUbpNSEcMrzXjuRp81FYXsP0sxYbpmShqOcOr1KIeHQGsxfMw5rio0w/67B17iwUnDjLqxwDPL+JtSvnYf7WQ6hvrMeuZTlYfbBJ+P768fox9m6ai8lr9qOusQHFBSuwsqgcj4RtVP79OxzfPReJebtQ29iIQ0UFWL5uN2694tUTPx0U5H833uNB7yGEJiRi5oLFmJMZB/eQCCw73Iadu9Zia9MNpsV73GguQs7Gbbj3gjmqvbiEZTk70H1jcFTobs8R5C5eitzCzciZtAbneP9Y+YP8y0fnsThtEiovPcf710+xb8U0FBxsxZ6McVjRyk7GAS4enY/UeXV4hsdo3nYAe3eW4ipvdJ8gCGLUYIN8+lQszGOOW+yxi7HlthCOyDNBPmn6VMycv3ign8eF8ZohTpCfhozZuQP9PHzq635Xflee38DaVdMxburCgf4Xt5zHW6EM8jMQnjF/oJ+7arvxXNi+upwgPxO+qXMH+ll4tBmPaHrNTwsF+d+ND3jx8Aa6WhtR39CIsi0LmAPZTBzru4nOivVYtrscT148RdmeVVhT3oVXzEHt8ekyLN+9G7efDz/CvcbpAwuRV9KN/mMKf5B//eQ6Ns1JQ83VV0yQf4biNbOx8kAHKhZEoqCDm9avVy9F9NwqXGhej9VF9fRnOIIgfh9eX8SSxPEovSC0E4y5vLmOgqkZ2N56l1cgpLy9i925M7Gm4hyvYIzx7jEqNuYgb2czXgvz3P73L9FYvBIL1pVzFosQWj68x6nqDZiTu4uzgAVBCFWQ7/nKIN9aUYBtJ8fGXMFHZ6ux9UAZHr18jw+vbqJkyUwE+kVi7so6PPrAzpZ/g3M1lShhAvjghUy3sT2FXWEmELO2VzJn3INXjL198QhHd+Wi9forfGD+Yd/urcTMcYHwDorEvL09eMns882Lm1ifyV0JJ3RuCZ5+eI2zFesQF84tYw2eUwxhnBVKEMRYhTmePe3E1KAQ7nFm0jbcfyOMCY7p57NeLIqP4fZz4jpceCSMUw2Zfr44j/yMZG4/U5eh/cYTXt1YgOn/y6vYkT0Jfmz/E+ej6sw9plTYYPr5+hYOLJuNILafcdNR0nZDCOfyM/188wBVzMlRGNvPqAxsq7s8MMhH/HyM6SBPEARBEARBED8rFOQJgiAIgiAIYgwiXEH+PAV5giAIgiAIgvgSKMgTBEEQBEEQxBiEgjxBEARBEARBjEEoyBMEQRAEQRDEGISCPEEQBEEQBEGMQSjIEwRBEARBEMQYhII8QRAEQRAEQYxBhDLIP3n2HA8ePSFJkiRJkiRJ8hNWnOjmZOfRYBSC/G3O/1+9foMXL1+RJEmSJEmSJPkJKxt6ONl5NBi1IE8QBEEQBEEQxK8jZFNrKMgTBEEQBEEQxJdAQZ4gCIIgCIIgxiAU5AmCIAiCIAhiDEJBniAIgiAIgiDGIBTkCYIgCIIgCGIMIlRB/hQFeYIgCIIgCIL4IijIEwRBEARBEMQYhII8QRAEQRAEQYxBKMgTBEEQBEEQxBhkTAb513fPYOeWfOQtWY/DdRfxilcujLy6dhJrV69k+roNJ07dwjtO6Qv0lZdgxZKVKDp4Eg/fAu/fvED70e1Mu2VYve44HnLaAZfrNnPK8rZU4MZTvlf64S2udlWhrKYTj589QOU2pg3bjuNmVLdfx4uX11HMK1u6ci26H3A3fXT6GLfdruO4/eQNt5AgCIIgCIIYU4zBIP8CbY2NKD9cg5ojpZg9fzmqz9/HB16tcPEKXU1NqKs9gbItyxC/aBNuM2H8ZmcpVq/JR+WxY1iRvQAbKs/hyfM7OHawAvUNjVg/JRwLa24Bz8+gqJhbVrxmMsZvbeTtF3j74gE2pBoheO423Hr6Ahc6GzntaqsqkJ0ehN2td/H0YQcW+izAIaa8oakFt18wG95pQWZOASoaarFl2TTklHRwd0gQBEEQBEGMKcZgkP+ADx94vrqDXcvWo6ThCt7zaoWLwb6+uV6PyVtKcPPBQ1Qc2IGS+qt49+E9rjZsQ+7mHbj/ktuO5VL1IkwtZ4I8b1uWt+eKEbKoDM84j16htyQf8QvnY8nGbbjzklPI4U7nFizd3oNXzHZPr5Qha+IGVDc2off6Y6b2PS4cWIh1J/rYnuHDzSqEpm3BXe6mBEEQo8A7PLxyFFkewfD2icWcdTV48k4Yj9Dv8PhGHeYGRzL9jMK0ZUdw+8VbXp0w8R5Pb7dgeVwC088IZC3ch0uPhPnv0MN5j+f3u7FxYip8fcKQOmMbTt1+LoSDbx/w8vFZ7JiViUCfECRm5OPk1adCmC0+4PWzqyjNm45Q70DEjF+K+vOPeH/tJ35GxvQc+funj2Phip3ouiPEB7WHfchfuxqr1y7DofZevHh6H1sKV2Jn+31O9ZPT5Vi0dSduP36OUw3FnCkv23cV4FT/3BqWF7dxkNl+XeMV5sFb3GjfjVWLjqCzsXBokH91E0VZmajlTaF5zTz3lsVLkbt4DhPoc9H94Blql6/GzubLvAZnsdhnJc5xHxEEQfx2np5H3pxpqL3FhOI3N7E9LQcNj4RwCt/zq1i3JBsHzzAHzDd3sX/Wchy9yDt4ChMvb2Pn+kUoamWO228foWLZOpS0s78LxghvHuHIzuVYV9mJN2+fo3HbVuw82o03wpbk371E/aF8rCipw7M3r9F1YDe27W7Ac2FL8h/eo+f4ZuRuP4wHrz/gQl0pNq6vwENK8j8tYzbIP+3cibRlB9F78Q5eC+dwPJeXd9Ha0ozjBzZg8qJ1uHCb+cW2O38gyD/sOYCFTBi//eQV7lzt40yP2Z8/EYtK+jhz/98+f4Bd66dhbWkn7r94g9e3e7B1xxZ0XH+CK8OC/PO+fZiZXwd2Bs1QXuFMSQ4mHLqAxvX52H2SF+RfnMJ87+UU5AmCGD1u1SEwyBduvoHw9vOHjZEJNvXx/dlQWLjXjqT4YDh6+XP6aWdqjsX1N3iVQsSjM5idGQEbN1+mnwFwsLTC9AM9vMoxwPMbWDsvDuZO3pz+O9naIm1zNV4KW/B8/Rh7V46Hkb0n089AuDg4IHH5XtwXtnHC9+9wfEsa9Kw94MX0083FGTHZ63H1Oa+e+OkYe0H+/RtcaynB8oOtePuenSAixDBn+I+fvwT7V+V3L69g/YR1aL18HYd3r8Laim68fsec9R8twLJdZXj47CEe837X3TldjrxJh/Dg5T3sW5eB6pv9U2ze4sKJfUhj/vFyDjSO1jAwt8YsJvTj/VPUbNyIsr6b3J0wvH54C484fyl+hZMbs5B+6DLOHliIGbubmT29x9OeXYhYVIqnnNYEQRCjwP2TSJy/CZcfv+Mct/oVOh73YvqyjWi/9ky4+/nsEpasL8Cx3nvC3c9P8fIOthWtx+7Gq8zvwsH+C91LePsUh0rWYX3lWeZ3sxD388M7NFbkI3d/N16+FeJ+Et+MsRfkX97E5qUzkTxpHnJ5K7Lsb7sE5t+d8PHmBiq2bUZe7jIsXJSH2RvLcOv5Kzw8X4UV82dh4cIlyF60GbWXmBB/8ziWzeC+nuycpdjVcg3PenfCLnYKd4UZxhVrS3F1YHTg/ZAR+bf3e7FgVSFO3eTOome5djgXKQvYbedg7uwV6GL/avz4HJbMn4K5S/Iwf+E8HOoZDP4EQRC/nafoKMxBxtSl3GNXYQ2eCuUc+efo3b8Kk6fkcvu5tRK3nwvjKl4vce7oZsyYvIDbz02HcenBx393FV7eML+r9mLulGwsymP6X1CMnhtPhHAQ7h1udR1B7tRZWLCI6Wf+TrRcfCCUc+TvX6jDimnTMHch0881W1Fz+i7Nkf+JGXtB/t0rXLvQw5mC0m/fjYdgTvSFkDe4c64PjWw/W3tw49FL7sHr/UtcP9PDlDej99xdphUTxF89xCne62k5fQvsQPrbJzdxsrV54HU2tZzG44FrsdgLc27j6s1bnKlF7189wblrN/H89eA/5xd3zw9se/7u4N/dnlzr4pS1nb2Gl2+EeV4SQRBjkreP0N3IPfbUd11mjlFCOlz49glOt7Zw+9lxAc/eCGkcevcUFzrbuP1sP4uHL8bYssHvnuNKL/f3Tv3JXs5UUqH8RjC/m2+cPcX7nd2N6w9fCGk/X+P2xdNoYvvZ0oHLzO93+k3+8zKmL3YlCIIgCIIgiJ8VCvIEQRAEQRAEMQahIE8QBEEQBEEQYxAK8gRBEARBEAQxBqEgTxAEQRAEQRBjEAryBEEQBEEQBDEGEaog30tBniAIgiAIgiC+CAryBEEQBEEQBDEGoSBPEARBEARBEGMQ4QryF7hB/t6Dx7hx+x5JkiRJkiRJkp+wrLaTk51Hg1EL8gRBEARBEARB/DpCOSJPEARBEARBEMSvQ0GeIAiCIAiCIMYgFOQJgiAIgiAIYgxCQZ4gCIIgCIIgxiAU5AmCIAiCIAhiDEJBniAIgiAIgiDGIBTkCYIgCIIgCGIMQkGeIAiCIAiCIMYgFOQJgiAIgiAIYgxCQZ4gCIIgCIIgxiBjMMi/x/3eY5iUHAUP91Ckzd+N6y/e8uqEkw/vnuN4wVSEZW3C3UePULVjHrz9AuHt6w8bc0sEztmFW/euY8u8FE65v89sHL/xBE9PH8a42AhuW3d7aFj7ovImcOXgNLj5eHLLZ2/H1YfP0XNwA8LMXeDJlI2ftQS9D4HnD08iSdMWbkxZQFgMKm/wOoQPeHS2BomuSdjTzeyQIAiCIAiCGHOMwSD/DnfuPsDTp6/w+u5pzFuZh6pzj3l1wsmTm+1YmBKOkIVMkH/+jlfKvJIX93BkwwKUtdzEs5d30Mumb4YrtWsxYU4lBl/VW1yvLsSsXc14xfzcuysHW09e5tUxfHiNtrL92LOvG695RSzPbtdjydQj4O51kPdvX6J+2wQEmGWilII8QRCjzgMcWr4CeUs2obrvNt5/4BULHY9QvX4d088ClLdfwev3vGKh4wmaC7cy/czHgfqzeDH4a2SM8AxdJbuxZMlq7DnajcdCO/b2An0VpVi5ZCUKD7TiwRtesdDxChdOVGDtkmXYtOsE7vD/4id+OoQsyN/h/fRlvLjZja2Fy9B9T5hH5J+jeu0yFO3egFnrhgb5B5drsCb/IO4NO1jcat+CtA3dGCh+ch6LNu5C542nzIOXaN00DZ7e3vCOm4bik9fx7v0rNO5eCG87T/iFxWJPzzPOZk8vHYCfMXeUfk7JKU4Zy7NzB5CxvhAr01biCAV5giBGlZfoKJqCJTvrUF9VgvnJG3HhtTAeo1+ht3QBlmwtR/3xQ1icuRGdd9hjrLDxBucqV2PxhmLU15Rj9cwNOHH2Hq9uLPAWV5qKsCx/K2pqqrAxpwBlTVcgfOci73Gr+xDWrF6Lo9W1KFy+HvvKzwwZHBMOPuD+xVoUrMzDoWMN2MeciG7f3cWcghA/K2MzyN/vwpwpSYgYn45djadx99lr5qsthLx5itpdc7Dm+EXca9uFuUOC/EuUz4vHzt5nA31///IxzvZUYklmPk4945V+eIsztYVYs+MgHr5myz7gwweuj5l/zFkzFqPnBrMPXtnLRz3ITc7EsStvBso+fLiDPenRWNXxnAn3dchN247rr25g6yQK8gRBjDK36hCYNh+H6hrQ0Hgca1KTUXpNCIcM77Ujedp8FJbXMP2sxYYpWSjq+brBpG/CozOYvWAe1hQfZfpZh61zZ6HgxFle5Rjg+U2sXTkP87ceQn1jPXYty8Hqg03C99eP14+xd9NcTF6zH3WNDSguWIGVReV4JGyj8u/f4fjuuUjM24XaxkYcKirA8nW7cesVr5746RjTI/KvH1/GhjnzUcqc3QvfX0Tf40HvIYQmJGLmgsWYkxkH95AILKu8yK1+1ISMrAMD017ev3mB3vo9WLm3FjefDv7Se//6KapKNuBw252PX+Pb29iZuQ7Hz97lFbCzbJ5h784l2NA09L28dWIZIjc3oGjBRERnzUbeomyEOQcjafoWXH7Ja0QQBPFbYYN8+lQszFuK3MVcW24L4Yg8E+STpk/FzPmLB/p5/KIQTtPkBPlpyJidO9DPw6du8SrHAM9vYO2q6Rg3deFA/4tbzuOtUAb5GQjPmD/Qz1213XgubF9dTpCfCd/UuQP9LDzajEc0veanZewF+bePcfn6Rdx/zv54Batz8lBy8roQjsh/wIuHN9DV2oj6hkaUbVnAHMhm4tjp+5zaW5VzMf/YBc7PLI+u1mFtwVHcHjb58dWjq9izajV6HvHKX99Bffc5PHr+Dk/OVyN9Wg46L9/DxfbjuMackbMj8gsSUnHsyms8aDuCbs4sm7vYMT4Uq1rv4+KZLk5/6msOYlZkFpbvqMMjYZ6ZRBDE2OL1RSxJHI/SC0I7wZjLm+somJqB7a2DAyFCydu72J07E2sqzvEKxhjvHqNiYw7ydjbjtfDNpxnk/Us0Fq/EgnXleCzMofjDe5yq3oA5ubuYvMArI35qxl6Q//ACnfsKEM+u2BKRioKqC3jDTh/hVQsrj85WY+uBMjx6yQ5DPEbtqiLUXHjErWS4276duwoNz+R5K3GGqX5ypQGbl9XgUf8LfH0bh1ZmI4htlzIXZX2P8P71c1QUTOJsFxgRi2M32Ok0wM3a/IH9ra67zCkb4M09lOcXo/kC98SCIAhidGCOP087MTUohHv8mbQN998IY4Jj+vmsF4viY7j9nLgOFx4J458nmX6+OI/8jGRuP1OXof3GE17dWIDp/8ur2JE9CX5s/xPno+rMPSH8nc308/UtHFg2m/v7NW46StpuCOFcfqafbx6gijk5CmP7GZWBbczvdxqP+3kRriB/UQjnJxIEQRAEQRCEEEJBniAIgiAIgiDGIBTkCYIgCIIgCGIMQkGeIAiCIAiCIMYgFOQJgiAIgiAIYgxCQZ4gCIIgCIIgxiAU5AmCIAiCIAhiDEJBniAIgiAIgiDGIBTkCYIgCIIgCGIMIpRB/smz53jw6AlJkiRJkiRJkp+w4kQ3JzuPBqMW5F+9foMXL1+RJEmSJEmSJPkJKxt6ONl5NKCpNQRBEARBEATxjaA58gRBEARBEAQxBhGqIN9HQZ4gCIIgCIIgvgihD/KnTp1CQ0MDSZLkD+utW7d4RzyCIAiC+HKEPsj7+flBRESEJEnyh3XTpk28Ix5BEARBfDlCFuTv8n4ahII8SZI/uhTkCYIgiJFAQZ4kSfI7S0GeIAiCGAk/cJA3hn7YBKhISAwrN4J/wgwkJ/z6fg29IzEjJxfZc6fA1EhLYJvhuiROxbSpYTDSEVz/4/gL7B3+jAzfvw8pl1Q3hGGwJ2QV+NsK1iQwATNmp8HBXHD9SFVU+jvGB/8ZBsqC60lSGKUgTxAEQYwE4Qryl0YnyCsYLkb47lOY1PYEKZu3w8Sevz4Qq8qvo+7Icr6yj1U2MEdAQgrKe3sQEeQ4WOeSgq2VNThSX89YhdlRygN10yvP49L57Qh0HdzPWFVUPBCO41dAR+vjOgOj/8Kxrf+CFM/BIK81cQOSDvVgcusVJK9fMaS9IMPyy3H9TiMyogTXj1Qplb9j0co/4EDy3yAtJrgNSQqbFOQJgiCIkfDjBXn5bCTWn4Fj3npEF+6HhJQUr04btu6ecPPyhpu3N2ytDJkyOeiZ28HGwQVu7o6wdHKBs5sjdNS5+2LD/I62rsEgrxSIlccuYccMdd4++1WEvrkzs18vONkbQ1FmsE5RzwTOnl7M83rB0VYDsnK6sHYwg/LAqLUC9EwdYKbL9FNBBcZO7py2zs7mUFEc3I9AJZWhpOcObVMvaBk6QEZWjikXZ8KsI7SYMm1TT6ioaXPaSqjZDPwsKmMKVW0TiDP9ltd2hLKKDTTZ9iaOkGLbKhlCy2I5opaehKsPdz9KyqrcbcX/gYzNf0DFuL9BW+QXpkwKWskFmHD8BIxdD8I7KwMybN84qsLE1pXzetw8nWGowPZPBhp6DnBhPgMXF2uo843ey6nrwI7zGTHvo4MB5GVFYGbvBF1NBV4bSabfVrC1VmZegyy07N04bV3c7KGt1r8fpk9mf0Pxnv+LbMN/8MpYpSCjzrSzsYGomBhfOUl+fynIEwRBECPhxwvyWlMQV3ceQRtKEL+tABKS/VNrXJA2PwfZeXko7TiP2jJ2RN4O8/d1oaWvF03d59B6ph4V585g4WRrzjYfBXmDcKxrvojD2Rmw7H8+jvrwiZmOJRs60da6Hl5mvHI1E2TurkDF6jWc552cZgsD0xAc7TmKCF813rZuWLDjFHZkm8PYLxvTt2xB9so12NZTh8VRFpAd8jx8islAxXsjQieVwDM6D04BWVBV04CYVBhcsxoQmJIH95gGRM3YATV1DajHnkBY7FTOthKmhYicugnKIkxgnnEBsenl8E7YwQT387AzNoOsYQDsw8swfs0FhKbmwSV8EYxMzDjbShr8FT17/oBxA9OHFKGRtB2px1rhnV0Lt/QkSPD6aOI8CWVNdZzXnr1wBvz1NJhyFdh5ZWJmXg26L1Uisf+vF/LqCF+5A1XbtmMe037qJD/OCdX6lnOYPyWI91waiJpejvpjIdCxTseUXbs4+17V0Ymts9yhznteNsxPmvsvOJ7937zHrDowTWrDtNo6SMuzJxT95ST5/aUgTxAEQYyEH3BqjSo0QiYgrOY5ZrXfhHdqfwgcNGNTOY4f7g/yfTh4IAHTDnehatZ4LKnuxYqFiZx2HwV5ESUYWLqguOsSWuvrsWOdLxRkB/era7IddfxB3jIEazuuY2+2zkAbBU19bG9qRExQMuZs2oZkJrAuq+vGemdDKKuaQUVNESLiKgiZ04SqLeOho6UCp/x6jNvdbw380oMhrxoL3wV9cHByh5joYB9U/SsRPWkNFKVEICppA7vJPXBxDYHWJ4P8efgHWEBKXBG6iU0Ii8nktBGTSEbggkqYGg7um1Uq9j9xbv2f4c5XJqaqD63kQ5jS8wyTKutgZMz+tUMEIVMXo+9qPVz52g6ajRMX+YK8lhUmV55HU6EvxPmmxAQebEPOrFhEzF6JvJkTMW5OPap3BUJZyRTautyTIYuoIzhRkQcHzcHtVOL/iFOb/wwb3mPOiLyGPXRsbWlEnhQ6KcgTBEEQI+GHnCMvIqIFw5TD8MspRWLDLfhPGA9RvvrhQX7XdgekHm7HgWh/LD7W8ytBnk87X6xtv4K6A3MGyj4K8qxhmSiqqsWJnhbsXTgZRloGSChrwLR9dThSX40lpduxqb4WicZ6CJ++CM2dp3GsvhlNZ++huSQZ2mqSULb1hq5Tv15QN9CEjNIyROaWwFCP77kYNeMbEBY/g/t6JRVhOrEPHp7R0P5UkJ9+Bm4O3G1Vo2sQwWzL/vypIB8w499wLv8vcOIr4ygmDpuiPoTtrMSEjqswkWfLLTFx5T4cae3AibYtSAhlTlIGthkW5FndwrH4YBWq25pwZPMSuCjJw3ZOJfZvPI7yXdXYXnYQM5fWoDDYA+7RKajrvYRa5oSqpvM2Ok8shRN/X13/gt6df0RM/2OSFGIpyBMEQRAj4ccM8lLGsJpdC0fPCfA4dBWBWakQ46sflSAvYoCZ25tQW7ZooExgkOdpG56CpuunMcnSFjE761F1/gxKZ6ShqPMiWlsOwMLOGlv6rmN/agS05NSRs+sC6pkgr6MpD6OUPHhM7TcH1r52TJD3hue8k3C0tRry2hR9KhA/czPUFUUgLhMO3wWtsLUxh2ZcPSLHz4O4iBVMYpoQ+5kgLyrhyGzbCWtr44F9s0qF/QnnN/wJ3nxlHMWs4b3vGKwmT0P8iSuw1OarU7BC1vazaKvy4dtGQJDnqWPtgvJLl7DGzwk2LsWovHAOtTsysKrhHFobTiDT1wF5TZdxfMV0mDDt05d2onVYkDdN+g90FfwF+rzH7LUIKjYT4Jw5CXID102QpHBIQZ4gCIIYCT9ekPeehbg9J5HR9AgTj1zD+K2FUNIcenHq54N8LsbNK0R5azvOP32G5lOd2LByEvTdQ7DucP+KNT1obz8CLxcjiNj6YFbxUVS13cLVJzfQ0FaF7BgV6LoEYM0hbvvjvR2oXDQDZrLaCJvRiLM3W+Bha4fJJ+/gdMtM6OpoYvz8NnSe7cWx+gZ0XriIWibIaynxvTZ+xSSg7DoXwXNOIS6bCelZ26GnbwRReUfYJLYjYVE9YrMvICB2IqSlRCCtuxBRK64ybbsRktmL6M8EeRFRKRj6tCB+aS9i5tTA0dmDUy6h8jf0lP0fZDn1X0iqD6OYQsTuOYMpnfcx8UQ3AsclQ1pED6FphSjlvFdtaD5Zh/HRJhDRNUP89jKm7BKuvXiAk13VWDfDFqqG5sgprua8V8faW1CzfTV8leRh7rQBJ+9fwaZYFwRs7cLFK3XwcTWGV0I1uq6eRxXTvv3UGTQOCfL/QHbuP+HoNP7lMdVhMO4oJvU9gKOrEl85SX5/KcgTBEEQI+GHHJEX1bGBy8YaGNpbfVwvp4ZZ++pxcEvEx3Xk5xX7Bd5z/x1dc/4Ecxl21RpuuahSHiKKtkOFv+33kOmfVtCfUVX0nwiXHeyfhL4DrKauQdzuw1CRlR26DUl+ZynIEwRBECPhhwzyYkqa0A1PhKI638irSyim5yxC9tZS1PU1IyGYwtxIVdf4G7av/BcsieNbFUY3GBYhgQMr1nwvFTX+G+vX/AErQ/8OSb6LgGV9suAxaRa0DfSGtCdJYZCCPEEQBDESftCLXQWoYwoXL2+4e3vD1ckMYmKigtuRX+Av0NT6bzgY8K/TLhxKSf8DNib/DSVpwfUkKYxSkCcIgiBGws8T5EmSJIVUCvIEQRDESBCqIH+agjxJkj+hFOQJgiCIkUBBniRJ8jtLQZ4gCIIYCT9wkFeGookdZD66i6cyDK1cYGNpMKx8qEr6ZnDx9IKbuxNUlOUFtvlICSlo2LnC0VYdEuKD5UZ2LnC0M4aiDF/bMS13jrz9sDnyYrJKUDLWg4QUf1vBqhhZwcXVFpqqvDJJWWhZOcPVywtOdhZftPqNrJo27Nw8YWYw+Bmzc+StjWmOPDm2pCBPEARBjIQfMsjLqMfDYcpejK++gdDMydA04K8PxKry66g7wq4jz18+VCOfKMzP34iWS70DN4RSM7NDyvRM2MlKcx4bekVg4oQY6PVvp6GP5Jbb6GtIhBrf+u/5zVdxpm0jfMwHy4RdUTEbGHkmQkXAOvZqvFVrlvKtWqPslwbfJbuRXFmHgMncG2r9mmH55bh+pxEZUbwyeXU4JU7H7JIW9DTvR/iw9oK0iZ+K5gdvsHOp3EDZp1atIUlhloI8QRAEMRJ+wCAfi6CiU/DfWYXkQ00wcHGF3JAwqgwjK1fYWhnylQl2+J1dLSLSceJKD9LUuMta+uUUoaO1GJ7920hKQcPeDU52Q0fkje1c4WRvAiXZwTJhV0wiGYELKmHKd7dUjuw68tlD15FX9puA2IoOeKQ1InLZOpjaWA/dRoAqxlZwdbODVv+IfL9Ra3CyqfiLgrwcOyLv7jVkRF5E/Bdo968jz7fOPUkKsxTkCYIgiJHw4wV5swUYV90O53nLELlpPSQkJXh1MdhQWcu5c2j7zfuoK+Pd2XVvO+p7zuPs5bM4fqYHbdf6kJ3OvRPsFwd5Wx/MLq5k9t2C5vOP0dM/Im/ggklbD+PYpdtoLVoKZ04/RCCv6oPFa6pRXt+Mps4zmDMtAJIamog71oHDPZ040NyGxivdmBbl9Ol12UUlIGM1DQGzOhA/j72zayH0DIwgKmENK96dXePmXkJE2jLIyMpBPfYEwmKncraVMC1EJOfOrp5wmnYG4XHHELWgGylrz8JUWQVK9lkInnUWGZseIDm3HjFzauHoMnhn1/aSf0aqRX9IVode+gGkHjoIy9hyuKYn8fpsjgmL61F2qAPN9e1oO38RWxLZ91EXwcnbUVp/CWcuVSLRle81sQ4L8hIyekhdsAdHmutxvP0cKjYvhKm8FPTMFmN3/Sn0PXiA/NTh9wT4B+ayd3adyn9nVx2YJp3EtNo6SMsPjuCTpDBIQZ4gCIIYCT/giLwZzGdvQvyJZ0xoa4eVr/1HbTI2leP4YV6Q39eHquMLkXO4F80bZmJp7WmsWMidGvLVI/IiGgif2ILWYVNrdLMPoqFo2UCQ1zE3RwijjIgMvOPXo6l1KXQsDBB34gKadq+AhoY+wvPbUbV8HLSU5GGUkgv3Kf3mwNrXDtKKXnCdfRZePsGQEBt8LkX7/YieuQXqiiIQkw6DZ/YpODj6QFNgkPeC88xLCI+PgYK0HkzSOhAcmcJp86kReamwP+H8hj/Bm69MwtwLdotPYvLJO0jcVgRNTfZEyBwTF3eisy0fLiKqiJuzHydPTB7YRkQkGycufj7Iy6ppwD/MFZrM69G1TsHR3ib4upvx2gdhzdFzAoK8CBPa/wNdBX+B/kCZAlRsJsI5OQXikpJD2pLk95aCPEEQBDESfsg58qJMKDWfXYfoPRcwsboVdkE+Q+qHB/ld2x2QergdB6L9sfhYz+8e5EWsPDBt71HOXwdO9J3FhdPF0LU0Q1xtN7YlhUBBRAmB42tQXZIMbTVJKNt6Q8+5Xy+oG2hCRmkZohaXw9hw6OiyZnwDwuJnQJR9LKEIo9QeeHhGQ/sTQd5p+hm4OXC3VY2uQQSzLfvzp4J8wIx/w7n8v8CJr4yjkhk8DtxASs1pjD9QAU1OkD+Jyg3unPpg5iSkvWUj3zZfFuRFlJmTmuX7cIh5r461deLCzVPw97Lhtf90kBdx/Qt6d/4R0cPLSVIIpSBPEARBjAQhC/L3eD8NMpIgLyJuBMspx+HsFQWHfZeZEDlxyBSVkQZ5EY94bOvrwnQLZeaxIqJXHsKxAzO5dRy/IMgraCJm3xl01KZAU0MKXlPz0Nb56SCvq6sCp/x6JO7ptwZ+6cGQV42D77xqWJqqc0M7T9WwGsRmrYGiFDsibwO3uX1wcvaEVtwJRCTMYtqqQ82jDNGfDfLB8F/QAAsz9rUO7l8q7j9xbv2f4cZXxlFMAx57jsMqIwsxx6/C1nx0grylSxm6LpfB01ETOj4JONrX+UVBXiX+jzi1+c+wHSiTgoy6PbQdHCEpLj6kLUl+bynIEwRBECPhxwvylmFwnbkBMYevIGZVE+L3HoWBreWQNp8P8rPgHpmFhes2ouXmbRTt2Yb08QEQ0TBDcOExVB1ZiezcnSg/UY+UKP6gOzTIq5rYIHl2DpbVnMHZ7kYU5M5CgLomAhZuRUvHQeStW4nNp6/gXM+ng7wW3wnBECVkoRteiKAJJXCPyIVTQCZU1TQgrj4OnlkNCEjJhVt0PUIm5kBZUQTythsQxQRzj4j9CJp+AbGfCfIiYtKwjO1B6JS9cAnPgZExdzqLpMFf0bf/X5Fi1D9HXg0aLllwnXYAKQ3nEF1cgYhFK6D0qRF5VW24Zc5h3r8anHl4AXsKFyI1RB/y6tqImb4Q2SUtuHCtD4W52Ygz0oOR3SxUnqtHweZcrDjRi3MXuzlBXjNuCrOPvai5cB+1ZUuRleIL7YH36hdkzf0XHM8eXFVHREQThok1mHzqJiwtFfnKSfL7S0GeIAiCGAk/XpBXM4VucDoC93TDNWkCNIw+Xi+eDfLlu6YwP8tBz8IJ5mby0LBygKWqMgysHWGoZwRdc0e4eXvDnae9jRF3e21jOHtxy1ydzCEhwb9OPRvkG1BzIB6q8iKQUdGArZvXwD7cvd1gJCUJBVVNOHiwj5kg7eYMB3sLSMnKQM3WEaYaKhAXEYeyui1sLDQgybf6zXBFpVWhYugFHTNvaBs5ci5qFWG2lVJxgjZTpmPqCSVlFW57MS3mxIIpM/OEioYDVLVNICGiCHkdJygwfWXbSKjZMCcDOrz9i0JSlgnM7H7MvKCsosopFxX/B7K2/iuOJf0V2px2spDTcYSuayESDlXBxtkdivLsuvsy0DSwh7WJAmc7FW195nWaQERGHrqO7nzviRfsTBQhKacACxf+98odlspMuaz8QLmLhwscHByYExM5yFk687X1hqOtAeT71443/Rv27fm/yDbkX+deAuoRi5DWegmGutw+kaSwSEGeIAiCGAk/5NQaMU0TWM9ZCQ1DzcFyJrg6szd4mpiLA33nkJP1hTd5+gIV1DRh7+6FgJhxKDl9Cpsj3CAnoN2P4S8wMPovHNv6L0j25FsVxnIavGZMhtSQtt9eKZW/I2fFH3Ag5W+QFhtcflIprRCJOw7AzM5myFQkkhQGKcgTBEEQI+HHnCMvSJdQzMjJRXZeHmZOCofkkJH036aupQMy5+cx+87F5AnB0B++NvoP5y+wd/gzMn35l3cUDhWV/o7xwX+GgbLgepIURinIEwRBECPh5wnyJEmSQioFeYIgCGIkUJAnSZL8zlKQJwiCIEYCBXmSJMnvLAV5giAIYiRQkCdJkvzOUpAnCIIgRsIPGeQlZC2h5ZSN8JLTcHFxhVz/+uJqJkgvu4jbN2ohLyfz0XZDFYWVpio89NTgoSkLCVFBbUiSJH+7FOQJgiCIkfADBnlXOM9rQWR5DzJqz8E9cxI0DXh1siqwS5iG2bOSISUpMWy7oTroGaBunBMWetqhIckFk4w/F/xJkiRHJgV5giAIYiQIVZA/MxpB3mwJkqqbYTl5JsI2bYaE1GBgn7OjEkfq61FSNAcy0r8S5KXkkR/jiWIz9tb/YkhwdUJ3lD5sePVyfqsQsW4jtM36b55EkiQ5cinIEwRBECPhxwvyIh7wKGpFauMTTDpcBk1j7SH1vqmz0NpaCHlZSc5jcS1z6Dh6QdeJq46dI+SNNVEcb4OpygpwszJBSYwfrkx0RLIYdx9yfqsRsZ4N8rpD9k2SJDkSKcgTBEEQI+EHDPIiEFMygd2qU0g5ehsp+/bCwNZyoM4ndeaQIC/lFA3XybnwmJrH0XXCJGg5M0E+yRPVIXbY42mCJB19tKY4YoLkx89FkiT5W6UgTxAEQYyEHzLIi4jowTStEp4x6XAvvYLgKRMhwasbHuRlIxciducJjNtdzzFuUxFMvVWwI8kXh62VoM5up22M9nhTBPD2QZIkOZpSkCcIgiBGwo8X5NVMoOOdBJ9t3fBO34voI12wD/Jl6rRh6+6JKSs2oef0Ufj5e0JPS/Hj7TmKI9nZDj3jbTFFTxObQ12wwU5+oF4prBxTOy7D1tudbxuSJMmRSUGeIAiCGAk/XpC3DIPb3M2Ir7yC8OVbYBvow6tzQdr8HGTn5XGcM38WPJ30h247RHEkOphjoaclsq1UIMObH88qb5iP1M4bcPHzhuiQbUiSJL9eCvIEQRDESBCuIH95lObI69nBbWsV9G2MBdb/FmXD5iJuVy9CF+VARnFwlJ4kSXKkUpAnCIIgRsIPGeRJkiTHkhTkCYIgiJFAQZ4kSfI7S0GeIAiCGAkU5EmSJL+zFOQJgiCIkUBBniRJ8jtLQZ4gCIIYCRTkSZIkv7MU5AmCIIiR8FMFeXn9HHjMmgBFpY/rFFyjEbT1APRlZQfKpLVS4bZoOtT1Pm4v2F/g6vaf2D71L1CWGSwXV9aCzexsaBrytXUch4LDRzA9I3Sw7DPqT14HK/fh5XaYubkU6+amQH9I+VBlQ+ehpL4eR+oPY46xnsA2H2uIiMwi7N29ZKBMVFwCWYXHsHtbIgy1h7f/Ms2d/4LtM/4KUeb9+rj+f7C54H/j+Ip/h72+oHqS/PGkIE8QBEGMhJ8qyKtNqkN49mzICahTcI1hgvzBIUFeyb0UMZtWQE3l4/aC1Lb9L7Tv+BdEW/8P57G4kiaslhxG8sF7mNJ8DcnrCiCrqMBt75iIDWXlmCEoyItLQsHMEXJKipyfdcfnILr0HqZ2PETalmIYO9nxtbfDrM0HsH5eKgz49yFIIw/kNHRiq50593HCXFRf6UAmr152yQGcqtgCv/72IkaIzNyBfXuGBvlJRVXYs238iIM8G9bnLf4nHJn8d6gOqxs341/Rl/8XWHFCPgV58ueQgjxBEAQxEn7AIO8K06iYwbAupw7tiAxo6elAf20XotZtg0NGLlzTM3kj5KYwSV0A9ylzYWhkOOQGT7pruhAzPxuyfGWsMl4Tmfa5jAugbyrHK/8HJq/9FxxO/2/ocB5LQT14GZKO1cHAbi/8F+cM9EnH3BYT5+VizsK5CPAw4m0/qGbcPIRuPgwDQ31Iqvgh7PhFOAQVIqjoCNR4baRknZC+IBfZuaw5SIn05tTZRKRh8qRJmJY7G7HjpyJ7/gw42Bhy923kPizIz2OCfCdfkD+I3qNskLdExMRs3r5zMXNKPLe9iAXCJ8zhPF9GoitU5bjbiYjowm/8dG77hdPhp6POlKnC3icZkcHpmMEr99fT4LVn1P5vtOz6V2SY/mOwjHH2wv+Nqjl/H1JGkj+6FOQJgiCIkfDjBXmzJYgq2g5F3mMxPVt47emAmbM9nEruYfLxRtjGJ8Jt9yl4JfpCxCsbbqlJcM/pReySCEhIDu7LtqgPPmlhQ8I9e0OoiL21sHf2hvmSCiSsXwIZts7or2je92/IUu5vKw55nxmIq72JuE3tCMzJhjRvHwqqmnDw8MbutjNYMy9wYN8iInrQT9qEhMO1zEmFEcSZMnEla3hV3Efyzh4kHjwMBV5bcQlt2Hl6w93bG0trelG/MxeWTHnKnhac621HTUcnOi90Y29FF3ZOiueOfH9xkFeDmYM7Z9/Zm4txpvcwr39Mub0XJs5pxYmjM2Gmyd3OLCQdW/KTmfbxyN3WhLp985hyc0xc3IHemxew2jsZy5j38thWD95+uCbm/wGlKX+DOl8ZBXnyZ5SCPEEQBDESfrwg77EGsdu2wyBmCZLLqqFqnYCQPWXQdcrH+IbLcI9hwjvTznIrE9JTornbSOjDYnorQqaEQFy8f18xCDzUCjvv/seMRlEIOngDYdMimf15wWFVBcLnzOTUKUf9J/p2/olvWgpP4/GIqH6AGe2X4T91GhQkJQfqVlV3DQZ5cVUYpbVj+olmKGmyI9p8+1B1gMO6U5jWdgdxm7dBU01tyMlF2t7mwSC/qwE7C9YhY1Ujjpa6I7CoFRXTkqDNtv3iID+474jZq3Cqpz/Is4rDObASNXxBXkRBExbO7nDz8kL6ykL09pUz5WyQP4nKDe6cNsFTctHespG3D64uiX9E2+w/w0pCBNIy/4CDzV9QuPyfsSiQptSQP5cU5AmCIIiR8OMF+bhtSNldCtOUgwjeVQX7tEZELM2GfEQ+kksPQkuVbecMv5I2JqTrc7YR1bKA255eOHl5DAZkzWzEHKyGoRrvMaO4azJijpyBz+wV8JiaB4+syVCQkeHUGcf/EWd2/efHQZ7RNL8ZwatXIKbmOlydtAfKhwR5KTmoha9AFBO83TMnQorXpl/VCZsQlT8XnvuuIZIJ5tJ8fzkQFOQnfkmQD52JigvtQ+bIdxxeB1feY9bPB3k1OKRsw4nTDcjOy8P6I3W4cK6CKf98kHcO+yPac/4EGxnmREjl78hM+b84vOj/Is6Ggjz5c0lBniAIghgJP2SQn9rQB6f4RXBc1430Y11wCdeCfOZejF+/CmJsG9NcxJUegY4sdxspfRuEHOyDqYsDlOOnQIVtE7wWKQfKocX8rB6fC6cIRYg6jUfU0R4YKyt//LxOf0Hnnj9i3PByESe47WiAY1Y8Io5fhaPZJ4I8RxnI6tvDY3c3grMyIT9QrgvT7KPwm+IOhz3XED4hEdJi/XW/IcgrJmFP53ksjmH3Y42ph3tQvC5pyMXAnw/ylshcdgonj0dBRN0E6XtacfXiUab880HeI/ffUZfxV76LdH/B/Lz/zfSXptaQP5cU5AmCIIiR8MMFebmYPESuzoeOngg0klYieN4cztx0jaQV8EwJ5rbzmoHAedncue2sSrowW1CGxD318JkQxttXFHw313DKopfOg6SMFKecDfWxO+s55YmFO6GmwFuFRuQfWFf4T9gz4b9589iVoOW1EVF7zmNKxwOk7TkKZw8PiIsowiVoA4rr61Fe38BYj9LdOVBXGVwtR1ReFZYLdsDIwQaSSlMRuqcLmU2PkXGgBYGTJw/Mk+83bU8TjhUu4ATioHnrMW/aFIRlbsCKXCs4zd2MFTEBGDdvI46wz9nAPucJFC2bATumvXRwNko5y1Iy/di1eMh+Wdkg392xj/vYKw6ryqq5+2EsqytHqic7Rz4Z2yrrmPIqbN9/APsKlzHt9RCathkrp1txtnWOSsXWjdMH9isi/z+o2f1PmOlGF7uSJAV5giAIYiT8eCPy31G9oD+jZ+O/IViPL5xqTEf47kMfLbP4Vcp7wm1tPcz0Ba3/boOl1b3YuiJRQN1vVEkb6Vsr0XIsTXD9iP0HIrP+gBML/wrzYXXpc/4ZdQv/NqSMJH90KcgTBEEQI4GC/CgqKfkPTJ74B5Qv/PPgDaHk9KBqbsGd0jNSJZWgaGoLaSnuXwVYFSJzeDd4OovOznKY6KsM3ea36B2PNezI+8kutJ0+gdgQ7rUEo6W585/RtOU/YKnx8Vx4Ve2/4mT5/6IbQpE/lRTkCYIgiJFAQX5UZYNnv4LqSa6/9j7x1wmqJ8kfTwryBEEQxEigIE+SJPmdpSBPEARBjAThCvJXKMiTJPnzSUGeIAiCGAkU5EmSJL+zFOQJgiCIkfADB3lj6IdNgIqExLByI/gnzEBywiifIIjbIdF8IiZbZyFZ0wQyooN1YnJK0AuLgJI6X3sjd6TNzkaIn/1AmbyUESKMMzDZaiKiNG0/WmZSsAbQdZ8Jc1tviAus/52UsYexdwYUBdX9VqU1oOWUAXXVwTX3P60mQvQjYSs1tFzRIwFGDoMXB39SGSXYxE3F7FkpkJHm3XXX2AsZ83OQnTsX46xMPro5lyAV3BIwc95UWJnpDparucE6cR7cJuTALsgWknx9lJALhElAAGdp1IH2Bq5InpWN8EDHgTJxDTOYJsyHW/oCWHp5QaK/rbIhDKPmMPteCIeISCgqMGUSUtCKnw1TW1toBmXAKtCX017c3RghoVpf+H36ddV9LZE4yQLqGrx/V5oq8El3QdIsNwS7agze+0DXEVYpc6BrqwvDpJkw0NXhlitZwSRqNtPvBbD194QM76JwJRlrRKk5Md9hUW67n0wK8gRBEMRI+CGDvILhYoTvPoVJbU+Qsnk7TOz56wOxqvw66o4s5ysbBaXTcCC4CFPUHWEjpzIQuNRi5iN270mmL7eRvq0Asoq8decD5qLpzn1sWjlxYB+S4sowU3ZAoNUO7LFLhQ6v/Nf1gdvc64hKyR0aCn9vVSciOLcLeoLqfqtKdnCa3AkbMyfB9Xx6GSzAbseZ0BDnPpbUMoHb+nqkNdzHlMpK2Id85vujYoCkgxdw+2Y9VJXleWX6cAiJw6L6XhxOCPmiAKw75wiuP76IhEjuDbA4WsxmPvsW2Nt7QdNYE2KcPlrCPH0Pxu2/gSkt1xE5NxQy8rz2vrNQe+sBtq/NGtiHqJwqVKw8YbywHnE5OYP3PjD2h19hF9xCE6BlZgYp5iRBVEYRjofvIDwlBXbrOpC4dhmnvXR2CDZvdvjC79OvyJycWi+Px9HeWFjb8O57IC8DA3sdRBQlYO0sG+6Nx1jdJyGh/i7cU9wRUH0DPm6u3HJpdaiYu8EqphbRqxZCRYXbXlrCG8vc9yBLhXcy9ZNJQZ4gCIIYCT9ekJfPRmL9GTjmrUd04X5IDCzZqA1bd0+4eXnDzdsbtlaGA9vImjsw5V4crc00eeVasHFj2zPlHo7QkBBnypRgYGEHc2N7uPDKNTnlTHsmyO8PyEcQb5/sHVBVA2cjqaYdJg77Ebh08UAglFfVgL070w9PdxjpfXyXWHXddZ8N8qJiWlA19oK2qTd0TL2gqqEPUbZOVBzSmi5MOVNn4gElJd6ylEy5ogHbni13hawkux9FyGs7QlnFBpqccsfPjz4rWHD34bwa0ctP8YK8AuS0nbnlRg6QlJIZaC+uYsUtZ1TXUOSUicnpQs3Ik1OmoWsACQluWzE5HW65wwT4zTnFC/KSkFKygqYJ2z83KCip8fYtDiXlRGzzyUe4eH/4U4HHoesImlwMv42NMJLnBXOm3NzOCdaW3M/N2dEKapxyEeazceN8H1ydzCAhLsZrz6ish3GlbTg0JMgrw9zJfeA7oSXJHZXWMDRj9svsw82eORkYvLEXG+SjdxwbDLeiKjAc14KU4k3QyqtD6LSUgbbyKuqwY78TXh4wFrCUqMyEQx8H+e0tMDEc/B6LSMpAZ1oh7Py8oZaaD6/xMZxyNshv3cP0214X1i660NPjfWeZYK5powMbVz2mXBsayrz9iErA2EmPV67JvdMxo6qxBrfMXhmyskNHzi2XRmANf5DXDoTbiiJoaZjBct42GJubDmmvYlWCCL4gz1EqCnuZzzNUYvD7w77niiYu0DAy4Cv78aQgTxAEQYyEHy/Ia01BXN15BG0oQfy2AkjwwpaIiAvS2OkSeXko7TiP2rL+EXlnzKg7if078zh146McmDINuEfuQHVrGVO2BUfae7F+YjhT7oMlpb04UdmIorxdqOq+gOUxvGD5UZCXgnLAEiRUdcNnVg38c7IHRsx1zG2RMS8Px89fxpp5gbz2g35JkBeTdIJ5SB5cIvLgv+DKwIi8mHQ4XKc1ISCeqQtbAAMjboCSt81C8OxGeDDtfbJ74ecfwrT3gtOMC4hNL4d3wg5ELT0PO2Ozj55rQBl7mCY3ITKJ2fe4coxfe5oT5GX1UxA0u43pSz6CJzfDLXA8p72Elgccp7UhiHlOtp/WtkwYk9aCQXQxQpK2wSVhG8JmV8DeWp8p14R+1D6mfDtc47ciOu8sJ8hLyJvBMaUJPsmb4ZVYg4CUVVBQUGLCpjoiLQqw3dAFkgN9NIXrgWuIy69GzP46qMvJ8crDUHrmFlqqSrCmoBjNp09isjN3bfzQzGxsOlSJvq6dUFHiC5ACgryB5yRs37WU+U5sxuGTp7A+nfvdtPGPwoI169FxoQ3RgRaD+xge5MWVoD/hOMaXlsJt40n4TQwaaKtlYoWJzHfi2NkrKFjEuwMxn18U5D+hdHYoDvcmYU6BP9IOpiE/3xwaTLm4lR4yt/sgeZYX5h5NxcKZ3Ok3OgEOyK+I4JQnzbCDKW8/5iG2mLwmArtOBMPCYuiUtY+C/GcUGOQZE2z2IU/fHbIDZUHw2nIdKflLh7T70aQgTxAEQYyEH3BqjSo0QiYgrOY5ZrXfhHfqYFjqN2NTOY4f7g/y01Bz9SzmptkOtnGIwqaeM1jrwoZgOeimbsSJ5hL4cIL8Wexf7gV1ESVM2liJIzsTuNt8FORFIKqoAbWYbUhrfowpde2wdnHkjprzXFXd9dkgLyavAqf8eozb3W8N/NKDIS092F5zXPNAkJeUW43Y5UzAMzbi26cfXGedgbeXAef5pXUWIDS7FPqabJA/D/8AC0iJK0I3sQlhMZl82w1VySkXkdN2QY6d6z0wtUYfJuGH4enGjv5KQdpmMeLmH4OciB4Mg48jdnLmkFF+Ob0FCJnfAEM9pn/i8tAJ3oyo9DzI682H//Rt0NdSGDK1RslgNXyTV0NJWhbiKgFwn3YSFqb2EJEwRIrdTszXsB5ybYCMQxy8tl7FjL4niMpdwAu+bJDvxao5hlCQVsHSuj4snxc7sI1n4mQ0n/x8kFfSN4KxFhtgZRG+pBi1R1cNtFfRMURZ92eCvIgYJJXNYbTwADLbXiDzwAHo2QwdaV5a0f47BPkQ7NzvDUt1CUia2GJzVQjcDJnvp6oCtHmj88qpPti22xtWzM+Oy2NQtMsdJnz76Ffb3gBrKn+/IG+pvxk7bcZBf6BMGYqmrtAwphF5giAIghiOkAX5+7yfBhnZxa5aMEw5DL+cUiQ23IL/hPFDAvTQIC8CvfR1OFBfj8arfdjo7QI1//HYea4DmSrcqSAi0UvR0F6OeE6QP43Nk7mj8Glr9+Po3qncNgKCfL+Ga1oRXbgPSa034Gg2eAHnlwR5EXFJKNt6Q9epX+YkwkATYmKD7fmDvIiYHDTcdiIiux5xSztgqW3MBN1E+M0/DVsDbntx6SkIWXgExgZMkJ9+Bm4O3HLV6BpExM8Y2O9w1X1WIDprDfdxf5CXdYD9xItIye1EDPOcHKduZ8K+DWxT+hDkzzdnnFHRaANCZ6yDuho75UkSGl6rmfaboWS0HiHTlkFdlWnHF+TVvFuQsvoS4vv3PbMURvoWzP5NscjlAGapW31011y5wCmI2LIDfuU3kbA4B4oSYSg5dRIzErn12ZU9WLGQ+1cD1i8L8orQT9mI5itncIT9rly5hZO1Gwfaf1mQ7zcU3vtOIXDJMUyqOwk17f7pXL9fkO+fIy8pY4aC+jB4WjPfG0szbGqfjA0Hk7G2YQp27/ODPdNGVFwMqVuTsebgBOyo8IC+Pm8qDuPvHeRN1JZhj1MGLPi+3z+DFOQJgiCIkfBjBnkpY1jNroWj5wR4HLqKwKzUIWFveJDv12judnR3liPWMBIbWi9i+3g2hGrAfVkZ6qvzYTmiIG8Ep+0NcMqKRkjFFbg6fV2QF5WWh1FKHjym9psDa187SHDmuHMdEuT5VAw/jnFTNkBZxBpOM04jIMSHM3otb7MHMbO3Q13p64K8kvtSxM0pgZSIGtQctiOBnVojYQ6L+CaERc0a1l4V+oH7EJ25bMiIvKxeJoIXdcPCkAm80mawHN+KkPBMyOtnIGTOAWhpq0HWPAcRvKk1yrb7EDF1N9SU1fn2zShugGS7ncjTtB22Wo8stGLWMs8RBsNlnUhYlQdludEI8l7I23cZ5Tv8IaJmgqw9DWiq2TDQ/quCvPpkhO2pgon3QiRWd0BLR2ug7lsG+bitqchfb8m8Pkm45ERiJy/ID26rjGmlGchdpDRQ9ruPyBtsQ6F1HPcklqMx9ENnwi4qnG8K1Y8nBXmCIAhiJPx4Qd57FuL2nERG0yNMPHIN47cWQklzaAgcEuSjp2NfTR1nlPXIhYvYk+sKNRElGFquRM2FPqa8A919TfBwNmbaf02QV4KW1wZEsavndDxGZm0HQqfOhpKkGlyCClDMPF/fw2fou3wKpbtzoKYyeJHkl8yR53fI1Br7lYMj43ln4GJjwgm6cvre8M+5ijimPG5ZFyw0DZiTm68L8mLyTACccx7x2a0IS2pD7PIO6LHTaVQS4TWzb+B5Q+K474mEogFsspoHRtP9Am0hKqkAjcACRGW3I2ZBGyKzNkBHWQFiUhawS+hG3KJ2hM/qQVjWSVgyQV5cygnWMTWIWsi0Z/YRkb4WaursCLYKQkzX4LBNKqRF+y9SjYH/tgakVd/FlBO9SDxYC3M9Peb1fyrIR2Jt2XHUn7mA60/uoKKmDGmxdrBPzsb++ha03nuKS2d6mc9nDXxFFBG9/CBOXWnGkfZWVPXdRms1G+StkTx/H8pbT+LSs6doOcUE8SXx3P4MD/IyyjCYfRDjDl3CtI6HmFDSDY/0NIhLKsPBdz32Md+J3gdPmX8HzHPuyYW2Rv/Fur9PkNea6I/irolYcyAVBZXjUMQJ8tKIyAljypI45Xtqg3gj8sqIXxKBDVUTcfj8dGyuTEZaqjw0fMwxZ1ciNnfOwOG2SdhwIBTuw55fkJ8K8tMcSpCtzZyoDpS5wHH9OUyqrIK+3tC2P5IU5AmCIIiRIFRB/uwojciL6tjAZWMNDO2tPq6XU8OsffU4uCXi47rf4qdG5OUmI3TPEWgOL/8Vvy7Iq8M4rR1BEekC6n5wZdyw3GcPZivqDZaJG8Ai6zhcfH0+mnLzzf3EiLx4xAokbMgfUvY5f0uQF0Y/DvLy0NPIwT63DNj1t5OUhby5G5zW1SB84bzB1/4DKuxB/unTp2hra0NxcTFzUrgZ+fn5nP+zj9lytp4gCIL49vyQQV5MSRO64YlQVB+cEiDiEorpOYuQvbUUdX3NSAjmWyZwNGSC/OGwg8gffkMoDQ+YR8Z80bSA/htCZbsf/GyQF1eLgUNELlwiDiNuQRMMDE0EtvtqJXWg5TADzpx9D+oUOAXqGoNTQIRFC/V0FLnkDd4QSkoFGj6p0NDnuzHT95IJ8vGlpxE07IZQkrbBMA8Yeu3Ap+y/IZT3xlMfB/kdZxE+e+3gDaH4thNaeTeE8p/fg3i+IK8kE4R1TusRJM83ZUdOHdrRc+CROQmyH93Y7cdSWIP8u3fv0NDQwAnua9as+aRsPduObU8QBEF8O37IIC9QHVPOWt/uvDXDxcRG+Q6SopqwVnOA07AbQn2N/TeEclJ3gLmc5q+u6S4qawEtM2/oMGrpmgtsMyLFFCCv5Qpt3r771TZ2hqzc4FQP4VEOJormAzeEEipldaFu7QHdITeE+jr7bwila+8JNX39wb8ySCtBydyds+/+G0IN31Yo5d0Qin09Gkb6A/cQkJZQh7ms9pCL0n8mhTHIv3jxAnv37hUY3D/lvn37ONsRBEEQ34afJ8iTJEkKqcIW5NmR9a8N8f2yYZ5G5gmCIL4NFORJkiS/s8IW5NlpMsMDOjsnvru7G/fu3cPbt29x9+5ddHV1cfo+vC27PUEQBPH7Q0GeJEnyOytMQZ69cHX4nPjS0lK8fPmS12Io7FSakpKSIe3Z7ekCWIIgiN+fHzjIK0PRxA4yYv1LEzJKyEDT0hmuLjYQ4y8nSZL8jgpTkGdXoeEP5Wzf+kP8lStXOFNuCgoKOP9nH7OwYX74yDy7H4IgCOL35YcM8jLq8XCYshfjq28gNHMyNHl3NGVv5JNedhF3btRCQY7v5j8kSZLfUWEK8uySkvyBnJ1Ow8KGdv7yfvvDPDvNhr+c3Q9BEATx+/IDBvlYBBWdgv/OKiQfaoKBiyvklHh17Ii8lQvcXG0hTiPyJEkKicIU5Nm58PyBnJ0Lz/Kpi1/Zi1tZ2Hb85Vu2bOGUEwRBEL8fwhXkr45CkDdbgHHV7XCetwyRm9ZDQnJw/ensHZVoOHcRF7q3Q15WcnAbdTM47D4Lf3//ITcRkjPKReyxJhg5DF2jXSmxClknmmHsZDqknCRJciQKU5AfPj+evbCVhZ1Ow1/e77p16zj179+/H1LO7ocgCIL4ffnxgryIGcxnb0L8iWeYVtsOK1/7IfU+qTPR2lr4UZB33H0O/gHDg3yewCAvbZ0Ex9R0KGurDCknSZIcicI8Is+uUsMiaET+5s2bnDp+2DK2jkbkCYIgfn9+wCAvAlFpPSbM1yF6zwVMrG6FXZDPQN3QIO8Im+klSNjfhsyOF5hccQqJheVwy1kP3w01SDpwFdN7HiP9cBti1m+GXv9ce5IkyVFUmOfI9/T0cMoFzZEvLCzEs2fPOPUs7M9sGVtHc+QJgiB+f37IIC8ibgTLKcfh7BUFh32XETxl4sCdVj85Ir+HHZEPgHh/GePAiLzj0BF5cXVraNs5QUZBGO90SpLkWFOYgvzwVWvYEXr+VWvYOfHsdJr++u3bt3OWmuQP8ay0ag1BEMTvz48X5C3D4DpzA2IOX0HMqibE7z0KA1tLps4FafNysLmsGudvdGFB7hx4Oulzt/nKqTWKXgcxuecGXPy8f9pbypMkOXoKU5D/0nXkr127NlDPhn12Kk3/Y1pHniAI4tvw4wV5NVPoBqcjcE83XJMmQMPIgFenAzsPL7h7e3P1dIW+tiK3TkIG8ubOUFZWHtwPo5i0PtRs7CAtP3SpSjmD5UhuuQw7b/ch5SRJkiNRmII8i6A7u7J9ZJeYZFenYS9s5Q/yw6U7uxIEQXwbfsipNWKaJrCesxIahpoC63+LsuFzEbOtAk4RgQLrSZIkv1ZhC/Lv3r375HKTn5OdesNuTxAEQfz+/Jhz5EmSJMeQwhbkWdi7tbKhXFBY/5Rse3Y7giAI4ttAQZ4kSfI7K4xBnoUdWWenyQyfMz9c9uJXth2NxBMEQXxbhCrIn7v6gPfTIBTkSZL80RXWIN8Pe6HrhQsX0NjYiKqqKgQEBHD+zz5my4dfCEsQBEF8GyjIkyRJfmeFPcgPZ+rUqbyfCIIgiO8JBXmSJMnvLAV5giAIYiRQkCdJkvzOUpAnCIIgRgIFeZIkye8sBXmCIAhiJFCQJ0mS/M5SkCcIgiBGAgV5kiTJ7ywFeYIgCGIkCH2Q37VrF3Jzc0mSJH9Y29vbeUe8sQEFeYIgCOFA6IM8QRAEIVxQkCcIghAOKMgTBEEQXwUFeYIgCOGAgjxBEMQXwt7FdMeOHQOyj4dz6dKlIW3Onz/Pq+Fy6NChgbri4mJe6diCgjxBEIRwIJRB/uHDh2htbcXx48c5/2cfEwRBfG8qKyuxZcsWdHd3c/7PPh5OdXU15+JVts327dtRXl7Oq+GSlZXFqWOdOHEir3Rs0H9sDgkJoWMzQRCEENAf5EcjO//mIN938TYOHz6M+fPnY+vWrZyf2f+zj8vKyvDmzRteS4IgiG8PG9yPHTvG+Zn9v9XUnTBafQmzK+9yyljYIF9RUcH5uaamZiDIV5x7xmkbkpjJecwyVka22WMv/7G5tLSUjs0EQRBCQEVd16hl598U5NknmrsgDwcPHsTr1695pVzYx2z5qlWr6BcGQRDfDTbIswdHdloM+/9PjcjPnTuX02bhwoUfjchPmDBhYGpNUlISr1R4YY+57LGXjs0EQRDCBXvcnTRtzqgdn39TkGfPIEoPHOA9EgzbIfbsgiAI4nvw4MEDzpQY87lHOf9nHw+H/XNm/9QZ1vv37/NquJw5cwZLi5swe0c9entHb27j7wV7bGaPvb8GHZsJgiC+PezxeX9JKe+RYL7m+DziIM/+4mNHt4afTQyHrWfb0bxMgiCI3x86NhMEQQgnv8fxecRBnp2Uz87n+RLYdmx7giAI4veFjs0EQRDCye9xfB5xkGevsGX/PPAl7Nu3D3/49z/gj3/544j9t3/7N5IkSfIz/vM//zPnmPslsO3Y9oL2Q5IkSY6uX3N8ZjM2m7U/xzcZkZ83fx5+kfoF0irSI1ZERIQkSZL8jH/7298wb9483tH312Ev8GXbC9oPSZIkObp+zfH5dx+R/5p5Pl4+XpBQlBAY0L9UQW8ISZIkOdR//OMf8PT0/KJjM9uObS9oPyRJkuTo+jXH5999jjzLl6yMUFhUCBklGYHh/GsU9IbwK2PmBkP/WJj5+UJaXFxgm4+1grZPGNTUBdX9dkU1PaDv7gIJAXXCrqiMIpRcI2EWFAkdMzNICWhDkqRwKs4cAwsLC3lHYcGw9Ww7QduTJEmSv49fcnz+JqvWsHxurWI2xOsY6EBKWUpgOP8aBb0Z/CoHZsFj/mbEHeuBV3IqlAS0+dhliG69Cx9/QXW/QU0vmERnwGH5aUxq7IBLeATU1AS0+yql4G2qi3QHI2QwJuhICGgzeoop60A3Yx2CN5cjvKAEDm42kJUT3JYkSeHyl19+gaamJoqKigQfm5lfImw9207Q9iRJkuTv4+eOz2ym/mbryLOwT8SeNbB/AmDn87CT+Nk58ex0GnYkfjRCPCv/myCmZgidyCwY2FoOKWdVCd2BxJM34Rdg/1Hdx/4OQV7LD+YLmjG+eC1Cjj/G5CNH4JKSCi1tAW2/WHF4GpmhJt4Ba/ytkBPsiUvjrRGnIqjt6CquYwXLJeUYt2MHTOz0eOUeMBmfAQ0pySFtSZIUHtlfFuzID/tnXHYufHFxMef/7GO2nEI8SZLk93H48ZnNzmyGZrM0m6nfvn3LS9mf5zcH+X7YeTzspHx2dRr2wtbfOid+uP0vXkJVD+aLShG+cT8szE2GvDFczeF0+DEyNucwP8tBVi8G5uMXwDp8NjxyNiIgZznMzM0hyWnLDfIBmTPhydYtWA2HiBDONBJJSz+YjUuFSdpcuGaz222EU6giRESHP98wgzYgseE6AoJ0ob35MmLnWgytN3dB0PyVWLlxI8e5WQZQkuerF6SiBjbGe6DRUQ16EsxjaUXUZkSiwUNecPthikpKQz9rPdzT0qAsoP5zKgRPQ3h5L5xDAiDOKXOE5fYuxObmw9j04/YkSQqP7JxM9gKr//qv/+L8n+bEkyRJCof9x2d2NRs2Q3/JnPjhjFqQ74ddKlJQEP+tioiIQUIpDi4byhGz8xDMbawhLeBNERHxhtvRJ0gvmMX8rAoVp42IOvEA4zfugFtaHNzWliN+zWZo6Ggx9WyQf4oJZS3wDM6E8+R2jCvZATNbEciGzkFIxWWkHDoCx7TJMF/VjozKLdAVF+N7LgHq5iLy6E2kbN0O/333ETGZv94U7gmrkLVqMSLj4hC5sxonzu3GbH1V3omFYC1MzFA7zhYTtGQ4r9nHygrnp0fjQpwunIa1FaSYrCJcKt8gs2Q/9AXUf06l0BmIOtIDhyBfiPLKJK38YbbhDNJ3boWdz8fbkCRJkiRJkp+XXZpypIyZIC8mlY2gvWcxvrAQGiZGvJFhft1gPqeYCflnMamlC6ZGbFBng/xmRB6rhfd4I0hLMwE0chlimOBuYWcNMU6Qf4DwDAfIiEhC3joJgYdOwiPenhPkww/2wD0xGlKyUhDRXIv4lhvwcP7c3HRdKFt5wL3kCqZ1vsPko/vhFNRfpwB1TXNoaKlwH+vMw67uizg8xRCyUmIwXX4C43bzexyBUxIQ62OJtjgLeNiZYVu0B06l2WOzsyMuTrDG5CHP/QnFxKFg7Q0tS8uvumhVxsQJTvknkFzZjaj5edBUVhzaRs8JJtldSCs/ALc4z6F1JEmSJEmS5Gf9KYK8xMRWzO57hpQ1iwS+CSIi4XAuOo3wmUHQMDVgQjpbxg3yYYf3wyGA1y4oF5FVp+Hh5AjJYXPkZS084V1yCl5JvtwgX9wICw8X3v4XI7LxGaKmfNlFppJa2zCu6xJ81l/C1OM1nH2y5c6RKdjV3IemPtbbuPziEaqWskFeBNJ6VlA14dcSSpqq8LdlgnxmKM4yJxzrDFVgryIFY1tnXEkyRvyw5x1N5e2C4LW7HJ5J5pBXVua9p3yKikE2oQWTzz5H6tYCaA6vJ0mSJEmSJH/VnyLIi8iqQ8V8DaJa7iBmaQ7kPnojpCChoAJJaf6pL58I8kfaYGtvC/GvDvJ34B/2havFuO1F6onj0Na3hU/5fcQunA5D70hsO3UBdUtmIVhdHWrqC7Cr4wqOMkFeTkYctnvuYmoLv9cRt2QK9F2MUJLugWMmyjDizdGfGuSHngiN33dZSHFJ5j1VgLikgDpG0axqTGm+gbBp6pBm2n0U9EmSJEmSJMlf9ecI8rwXK21oB8+yWxi3ei10+FdNsV+CyGOPkLVnKSRlpHjl3CAffuQwXCNVIK2UDNelp5FSvBkanKk3nwnyJS2wDQ5ktlOBRUE3Jh2vhtpn1l0WlZaHlCLzXDMbML20BCpmhzG+5RwCMkNg5BOLoq7zKF2YAWcVFUzfWoGzL56imjciLyIq+rGc/SogL8wLt9It4aIhCxUZXXROD8Yu46HP/SnFZBThVP4GU6trYe/8pSvN6EPToxoTTl6Ab2r8sDoZSE6twqSG83D36u8jSZIkSZIk+bX+VEGeVcLEFXYrj8AlKmSw3HI6/Ld3IGH1dEhI94dVbpCPa3+CqQ1nMfHYWSRvWQddy/5lFGcgYH8znN24+5A2doRzfhkcw124Qf74Y0ypv8rZbuKhA9BWVuJt92nlk9ch5uBpZHW8wuyuu5hQ1obArFBevR1CUktRdfYsWhlPlJfjQEcDtkzXhcwnRr0HVcDScA+0ZwWjh/FLQzxHaQUY7HyI2UwoD5jgI7jNR2pDzaEIsaXHh77PHDPhs/0wzOTkhpWTJEmSJEmSX+NPF+S/XAFTa77Qj6fWfJ0aa04jOT9BYN231RBqroEw23QOqdvWwoSWiyRJkiRJkhQaKch/0u8X5LUyN8M1sn+Kz/c0FR75pQhbuprWfCdJkiRJkhQyKch/UjnI6ifAOnMC9MwF1X9adp106/RZ0DQ2EFhPkiRJkiRJkr9VCvIkSZIkSZIkOQalIE+SJEmSJEmSY1AK8iRJkiRJkiQ5BqUgT5IkSZIkSZJjUAryJEmSJEmSJDkGpSDPqDNtF5Jq72Dq8UpoyskKbPOx8xBytA/unoLqfift4uG6qQrOQX6QFFQvogIluxWIqOpD4KQJkBlSNxX+e7vgE67MV/al/gOWFn9C7ZZ/x2Sz4XWZ8CmshrWmJkSHlH8flRc1IWFZmoA6GyTMPYTG803I9bKHykf1ww3F1LUt6LhzB2fuXML+efpfcOMtPpN2oO3mNRzdO19w/Wiq8Xekzf4TCmP+BjNB9b+D7Ps8uekWJpSUQF9APUmSJEmSv78/X5AXk4C4nCIkpPrv4MooKsooBuM1vZjafRZWMl+yhvsyRLfehY+/oLrfR9mAKQjZ1wQbfw+B9Zwgb78aUbXnETQlY0iQF3UvQEJDL+xUvjbI/wJD47+gvfJ/YVfa//DCOvMeSqfAfdUZZPW8xpzTrzG97QEip8kM2/a3KAUJzuckJqBumFKyUJt7BGknnmDWmXeY3XkHaTu3QHFIO1uMm38ErZdPYom3A1SH1AlWlPlOiIlNx7bWy6hYZgRZKV65mBisfcNx5PIzXLp3D+dZTx9DkI/t4PYpu9F17xaq9i8cLPvd/AW+gf+B9r3/gsmBf4eEmKA2oyz73sgqwnDbVWQdq4WDC+/fjDjzucnKQ0xC/ONtSJIkSZIcVX+qIC8qIQVF3xR47WiFe1TIkDeCaxS8qp8iNX8K8zMTVKTVIatpADk1PSgZmkHF0BiysrK8MMsN8r7hvDoDE8irqXLqROWUIauhBRktfSjqs9uZQUH1C4KNtBrktXUhIc7XlumzlKYh5JTUoRa5EOF7q2AXEcjrjxGkJSQ47UTFtKDQ3w9VlY9Gx1XmHkNWfRO0lRSHlLOygUxOj9tPFX0DSEkPnshIyfwP1u/+Pzi96r/g27+NRBjsF55GWulW6OQeRdLufVBQUxnYRkRCEjI6RjA2M+NooK8CORle3Zcoybx/WosQvLcHPnHGkJAQ0IZPpcwdSG4+ByezxfCrvAIvT+57IiIiDmlZDeiZcPvB0cQAarLSEGPqFbQMYKCrB30zU+ZkxQDabJ9NDKGqLM+3/2nY1sIf5EWhZuyGgp5rqNo6B/YD7QZV0TGAkSnzXKYm0NFUGFovpwQ1A+OB/hjpq0FcTBSimvow1NeCHF9bKXklaOvrQV6O/Q7LQU3XCEac7Zj+GmhBnq8t+1eT2NQ/oHXzfyDS7BeID6n7NZWY77gxlHW0me8Qc0IrsM2nldAwgtuhu4jNmcX9ztkmwXN9NZziopnv0ef/GkaSJEmS5Mj9SYI8E5Qk9aAVmoagIxcRMinrE1Mr1GFX+ghZ25YxP7N3dt2AkNJLiFlTjYRDTUirO43Q1AlQlGFHntkg/wDRBc1I3NeG1LLrSNi4GupK3Du7Bu49jrDSJkQXt2N87QOkbgqE3OdGSj3WIO7QcSb8aQyUSRjYw3HPOYRMWQ3DpGOIP3QW4/bXYtyBM8hqvwovZwMmCIpBzr4UUSUdSK+9jYS1y6AyJDgrw3RlKzL2rYOMPP+ouSQkFE1gNGEJ09ezGL+vFxl1fcxJTiikJLlhWN7kTzhf/Qcst+Dbn1YkHPP7EL9hEUwXHUb8luWQV+kPrOKQMQxEbMVJHG1qwtHTF9DYtQ4ZgaqQ7d/+11TQglLoOoTva0Xcqhl8+/206pN2Ia2iFdb+6xFQ2w1L8f4grwJzl7nYWsP0g+lLw8XruPr4DNb6O0ONqR+3/xQudHei+dpl9D1gwvqJCzh75RzWL0yB0sD+hwd5aehazEbZlavYt2US9LQ+PjFKXrUHhxuacO7JcxzflcxXpwj1hFxs6OxGUye3Twe2T4KyojTkN3Xg3KlSJPDtx3bcdJQx7eIj3aBskIb1ZcdQ0dyEyuaL6DtXjSxjNb59M9r8FzYX/juKg/8buuJ85b/qZPjtuYNZlYcho8h/AvNliqsbwnb/LSSszOX9BcgMurEFiK1sh2dyKpQHTnxJkiRJkhxtf4ogLyruBKPYfYg91gWv9ORhc8dZNaFsHwhj/w2IbriBwBR/powN8psR03IVMXnJ0NAUgXLSOiSWNcLI2oIJJ2yQf4r0ohXQYoKyst16RB2tgkuEGifIhx9jAvWaXKjoqELEbxfS2y/BQas/YH7CuG1I2XsAiuoOUPcMh64lEx5NIuF7sBPek2bCKvs0Jp3sRlCmNxQUw+FcdAXxy4whKSMKpZQ50JQ3gs70diTu3AojXf59x8K18CKiF5hDUnqwXFTOBAYTKhBfUgVrTxemLAj2K/qQvHshVLS5Ado27w+4vfvPcB/YF6sRc1K0GMFlZ5F64hmmlJfB0scBouwUJRF5aOtOQeqkcG5buwRkH+/DsfnxsJXl38fHiqkZQD1jC8L2NCJ0uisUVQW3+0inFLgv7sCkozcw8cxN+Pr7DxnZ7tclawlqLp8aEuSv3+tDbupiHL93G0erNyBn70nUrp2LgIHthgd55uRGQxfJWypR2XsKOwtzEBoRCHt9zY9OVLaefjYsyHsjNacNjbWL4Gcrx1cuArnYcnReqsYsWSbsu/nC3cYEQUkzUdFRh7gwJ9gnZWFavB5zEinCfIaR2H3pPo7uzBiyDxGRv2NRzr+ifcFfYK3CX/5rBsF6ehHCF86FFOcEVVAbwSo6R8IiLgshh07DNyZ0SJ1K6DQEHT6F4NTJ0NEdzSlXJEmSJEn2+1MEeXGnI8jqe4aUNYsEvgkiImwovoDUfcUImj+LFwK5QT7s8H44BPDaBeUisqILTg72kBg2R17WwhPeJafgleTLDfLFjbDwYMMxW78YkY0PEDzu14O8ZOouJO0qgoL3OvjvvYzxG5ZCyXcPokoPwi4lGm4lNzBu1RRo6rDtE+Gx6wqi5hhDgncRpqiKKYyXn0Ls6hVD54CrzkJQ6Tn4BplAgm+kVsrMHR7lD5C68wCc4zNhG1+EiO0t8Mlygow8t82K7f8Llwr+OrgvPqXd5iL0yB1MqL6HrKNHYBfkyymXU1ZFwPhMpGSyFqCo6iJO7E+Gs+HH+xhUEcohSxDV/BSJS9M5J06C233KAFiuP42ZLRcxruEK/COioa4xtI2gIH+5axfUdBfj6JVO5Bc4IeoLgjxHZV1Yp+Zi5daDONLSg4qdazDeUAcKA9sJCvKmcGM+4yOnmrB63SLmvUmEr4oS58JlWYW1qL7UiJWhtpjazJz4rF2AZRPn4ljTVoT7akJE3xmBiWlIZt7TtClTUHz+PmoP5vLtm/UfmDrj/6B3w3/CQfeXYXWjr+2BZ8g8sAmeEycK/AuX4rRSTOh4juTceIhLfMG1DiRJkiRJfpU/RZAX85wKn3m1SCitgnWgoBVfzKATOQXGtsoQG5j+8okgf7QHzo4jCfKPEJry60FecfoBJBQWwnJjFWwDy5BQUQGzJacQv3YFtD0S4X+gE+6xQdz5z+Z5iCo7BWcvvYE+S+pZw6nkCsKzJwx9jT4rEVvZARsjQ87ccG65NBSsMxF87CziC5bAczpXl8RoKKgNThdZU/T/fjLIc0b6N7UxrzkH3gduYmblASjKKiB8/lrUd3WjeMkSzF+yDwebr6Hhs0FeFYpWCbBbdRRR24rhEW/OhFtB7T6t9IxqZOwpgG76KWScPA3P0KH1oxrkB9SEdWI+Dl65jqp5oTDjnQCxfhzkGXVs4TNhDrKZ96aotQ0163IRKy8LWXlf7Dt7FVXbJ6H4bDd2FmzF/g3rUXZkBgLs7eC/uBJN5xqwLH8VFixfgYorDwQG+cnT/xl9m5ggr/f7B3mNuHkwcxJcJ+8UAZfCFkQu2gLvpASI8V/3QZIkSZLkqPjTzJEXl3WB2ZTlCC9phVtE+JCRUxHdUNhMWgX35FCID6y2MTzI20Avqxzjy47AyNKYN7Xmy4K8WtRhpLechoXhr4cZNsinVF1E3OZ0KCrswLieW0go64RvrB/UApYjtHgPrL3VOW2l03Yg5chxaGpr8raXhKxROgIrz8M/IxiyJjZQsXRiTjiYtsnbkFTTBlNDfabfbjCbtgiGRlKQt05HUFk7vBOdBvowXPel/4qbO/4i8KJOEW0mZO5qhLVlEmx3XsOMilKoauhicfsddBxZj3CmjYlzKgobbnxBkOepxbzPE/cjencpAqbFQEbhS5cDFYHOinYkrvaHdEQ9MtkgHzy0/vcJ8iLQjZyOnWev4NicEJjJDZYLDPJ86i/ah5OPz6NIWx1ycgrY3vscrdWl2FKzB1O316HtQjMOrc6Au/JErD12A10nxkNLTRKSftNQfv2hgCD/d+Qs/Be0L/oLrL90WpKIB0yTlsInizn547vI+fNGwWHuWrjH8aZQ8angHAmfonoEzl8MHRUVvpNHkiRJkiRH05EG+ZaWlrEU5LkvVkxOGdrJixGwrRoOXq6Db4TDUkRVPcGkvUshObD0JG+OfPM1zpSb8LVNSNx9HK4pEZDmXDD6mSB/7BaS9hxntitGYlUn3GOiIM2ZQ857TgFqzStHZvdd+HvrQkImF9FdLzGxcBOUlc2gF34UkUUrYMy76FRrziEk7y2Eokb/cpLikNIPg3v5PWQcqUfYqoUw9zHghCgJ/9WIrb6BcVvLEbG2HRFrwqGqJgJxBRtYTm7H+PKTnH6yBs2eBGVt1YE+ydv/J67U/BPWuA/2U8TYB5YztyO86BSymPdgfGEfJlY0wtLbHeJS6gjMbEbX9bM4UlyMg5W16Lh5A3VfGuRZFc2g6b4Fkfsa4RSkD/FfvXDTArpxyxGwmnmfTzzClOoyRBy9hIhpQVAZFma/Ksg7hyA5vxDbirvQc/8Zzp2uQNH+bcj0kYGG3mysYF7bNp4H25pxbONKJOlqQl4kHFNWF2ILU9795C0uXDmJLYXrkRZrBxELV4Qu3zaw3bbuM6g7lAVfJSlIySpgWedTnD19DHlTAxAyswLdDy9j3/REWIoYIW3rCXReqsKeQ8Uo7OxGy5l7Hwd5879iw9Z/x4GI/4b+Z1b6GXSkF7vmY9ypV8jcvHJoOfPdcFhaAo+pM6EsYPUkkiRJkiRHz58qyLOyS0MqWrpAWWtwZRgReSOo2XlDx9KIbwk+bpCPrDqBgKl+0Hf1g66tNS/Es/XMNo6eUFLm7kNMVglKVi5Q0lTmBvlDPfDKmMrZTt/ZaWCZyF9T2sAWOs7uUJCSgqioLlQdfaBpYsjUyUFazR5q5kaQ5l2sKq1vA00LU4hL8o3yS8lBztqH85w6NqaQU+SVyxtCzdYbemxfGNUHLoSVgZSKPbR55ZzXaGPJhMrBkVlpmb8zofP/w6mVf4Urr0xEQRvK1l7Qn7kfKYebYR87HvrMe8O92FUCsvK2cPHzgxejh4cHXNxdYWelCQW+C20/rw6ULd2goiXL7FdQfb9KkDNyho5LLkIqriNmfhz0XdyhqPRxW06Q721EvLct5y8VGszn5eZsAQkpQ9i6O8PEVAFqlk6wN9GHiroeTN28Oa9hUC9YaItDRs4GzsPK7XQ0eMtB6sPK1RuefPWe3m4wM2ROjpQ0oOfsxbedD+yN5TjrvouKiUPfyRvu7nYwUJWGsqYVnJgTI0sddc7F2SrG1nD25u3Pzw12Dh6wt2a/G/2v7x8ISfo3NGz9DyRa/vKJG4YJkn2fPaFna/OV019MoOHiC20z46Hl7HfDzA5yApY5JUmSJElydP3pgvyXK2CO/Bf68Rz5sauo6C+wdvgTuir+P2yO/Z8hdbLJGxFduA3qBv3Te76n0xBwuBtOhtypRx/rgfTlLeg5UwJvF/4A/GPo5vlH1BX9C+ZG/TfkvuYOtCRJkiRJjlkpyH9SCvJcf4GY2D/g5fFHdO76d0wyG6wTlVGEtKIC506nQ7f5HspBSlkVEvzTl9RN4bGmDp23buH0rYe4crUDE5ICIPmjraCi8Xdkzv8jyib+F+wkf/+LXEmSJEmSFA4pyP+qTCgcUUgd6XbCKhsO2UD/y9ib8ywqxpkywpH5TH7MOdvM5yLKfD6MgutJkiRJkvwR/SmCvIS4BBNymED3LRQThyg715gN8t9ICQn2eUW+mb8+Z50kSZIkSZL8Fv4UQd5AwwAq0irfRmVNyGlpQVxZ+ZtpYKAMFRWxb6aMDN/0FZIkSZIkSfK7SEF+tKUgT5IkSZIkSX4DKciPthTkSZIkSZIkyW8gBfnRloI8SZIkSZIk+Q2kID/aUpBnFIWOnDomGRrD66tuAkWSJEmSJEl+qRTkR9ufMshHwWHBJljZS/Iei8FezRTH3b0xvf/usl+ioTvMUudD38ZCcD1JkiRJkiQ5IAX50fZnC/KmE+Cxsg9ppYVQ05KEvIQ05tuHoDY4BldjEtEZFIzDfsHYb20EexkxiCiZYpODMWIUDLGXKT/s7Y08QyXuvhTcYTG7GnH7j8DMzgbi/c9BkiRJkiRJfiQF+dH2ZwryntMQsPcqkjclQMdSAyKiIhATFYWevBrijOzR7BOI5XoqsFJSgaWcNOTFmG3UHdERGY8z4T7YrKyOcFN3dPk5I0WK/UJKQ1LFEGbz9yC+vAWOlpaQHPaFJUmSJEmSJLlSkB9tf5IgLxuWjdDKm4hdEA8NHYlhN4n6lak1bJCPjkG1lhwURERhoGiAGp9gLFYebCMmqwj1WfuRdPwSAuONICHBtz1JkiRJkiTJkYL8aPtTBHk7GGWVI6XjEWLnRkJVQ2zYF+szQT7QHjMkBrcRFxWFGF8bUUkZqE7bi+T6R5hRshvS8nIDdSRJkiRJkiRXCvKj7c80tcZnNoJLbyJ5YyQ0jVX4vlhisFMzwXEPH8xk2g+WM7JBPsAO0/mCPL9i8iowmr0L46o64WxtTVNrSJIkSZIkPyEF+dH2Z7vY1XwSvNedQ3rJVqio969aIwIDeQ0UugZii60xnNXU4aggC8X+OfKfCvJyatDPXIfIvcdg4WBHF7uSJEmSJEn+ihTkR9ufLchzjIfTkh2wcZTiK5OEvYYpNnn7Yy9jkaUBbKWZ8K5ojDW2hggTG74PRiMvWGTkwdDO6uM6kiRJkiRJcogU5EfbnzLIkyRJkiRJkt9aCvKjLQV5kiRJkiRJ8htIQX60pSBPkiRJkiRJfgMpyI+2FORJkiRJkiTJbyAF+dGWgjxJkiRJkiT5DaQgP9pSkCdJkiRJkiS/gRTkR1sK8iRJkiRJkuQ3kIL8aEtB/qsUExWHnJjob7/5k6QMJOUUICUnDzFB9b9FKVlISPOvkS9kiklAXJb72sUlJAS3+U2KQUySfQ8kICoqqP7TSopxP19BdSRJkiRJ/ja/Jsh/+PABb968wcuXLynIf1IK8hylmHCpJS0NxV8LfmKSsDTxRoerIfwF1X+F8mmbEX/kPCZ1XYSTgRGkpQW3+xpF5VUhp2ME/eVNSN27EerGBqNykiAtKQkdBVnoyYhB4iuDsSAl7ULhWnQaWS0XETphMjSUZCDK3kVXQNsRKe0JqwVNiFgdDzUdXpmoJPTkpKE8vO0ws+0jcMZaCzKj8DpJkiRJkhzq1wb5t2/fcoL8s2fPKMgL9KcM8jpQtnCAolJ/uRjs1Uxx3N0b0xX52w1zeJCXVYW8gQVkFRUEt+9XQgEyulZQ0tT8aCRfcWoxJrTeQkC03pDyr1VMWQc6c/YgtuQ6pnS8wNS6biQVboKigLZfo6qcLJIdrNE2KQLn/DRgOgonHP1Ke6cj4NAlJCyZAGW1/r8gMN99S0tID2v7sbpQtnKAgoDPS8JnKvx3V8LBx3Hw/ZYzx5lYb+TxtRPkkCAvLglpI1vmc1MW2JYkSZIkya/za6fWvHv3Dq9fv8aLFy8oyAv0ZwvyihbQdN2N+MpW2LlIQ0JMHA5qBphi6Yb2gBBsMtNDsI4eAlQUoCbO3U5bVg0B2ky5nhEynYIGg7xxOJyWH4f39OlQUlWBaP9z8CutCDmvmfAqOA7f1DDIC2hjUfwYWTsKICGg7ktVjM1DbM05uHmthmdRJ7yDDSHON8otragCa58QBIWHM4bC01EPyrL8+7CCtncQ1PUGy+Sl5TDN2RqH/GxwIs0fPV8d5E2h4RYCI0dbAXVcNTK3IqWiEfrmppzHomKT4F/dA3c3d+ZES/A2IkpMX92LMe74SVjbDquT1oBe5kYE5mVBW5ctk4K9ujaCjN1xOT4Eu5nPNlhHF35qyjDkvD+i0JVXga8W93Pf7hWH8zbcIC8qrwn9+R2IXpMDDcPfdqJFkiRJkuTXB/n+UflXr15RkBfozxTkdR1hMKkcCSUl8J8UCTFxMchKSCHDwgv7fMJwITIOdV6eKHD1xBoTXVhIiTHBUBXLnANx0tWLKffGnoBIvqk1ulBnQnrg3noEzM2FjprqkKksojIKUI7JgffOdkQvSoKOyWAdv0a7H2DSvm2QFVD3pSpELULMkTPM69qHwCNtsNfTH+yLlDyMo7OwtqIC6wsLsa+xFQ11+Uhy0oTMwD4KMK7nPkIz+h8zJzDMZ5VirA5nOUUsj/QZQZBfhIi6Z5hZWiSgjqvKhE1IOnYSJpbm3BMhUeYzy9yOsNJuhE4JHnJiwVHfBUZTq5B4oBh+GWFD6xilrOPhsaUZHjGhvNemgAnWTljnGY6b4+LQxHy2Ba7uWGFhDD8J9iRNHSvtPVHs6cv53OtDx+OSbf/UGlnIamfDb2MrojZsgS7Tx998bQRJkiRJ/sSO5GLX9+/fc8I8BXlB/iRBXsLcE2ZLqxG7bRdco3QgKcX/xfrU1BoJ+Jj5os3DEnFM6P/UHHkF50i4FjYjYuFamFurQEyMCfGSMtCdsBpB+zvgPy4W6hr8++Wq7JcOp4nzEXn8GoIjgpgyJcjrj4Ntxny48ps2AaqfGvHv19AdpskHkVR6HVl99xAzdz40JSW5dbLK0A4YB39f7qi3dvg0FJ3qwY4oP+gN7OPjID/oSIO8L8wn5MFjXPRHdTImzjBLmo/AHfWIWbgEKmoqg/WSTICOWI6gbS2IWp4GHQvuaLikJbO/FXWI31YEl3B1iDNBfGAbjprQjihAWFEhTO01h9YJmlojJo04MweccLJFkBz3vfp4jrwcZPUi4byyGOFbSmBpZ/sF035IkiRJkhTkSII8CzsyT0FekD9FkNeD9oS9SO54ithZ/gLmVX8qyMtglXsUWowVIM8Gu1+52FUhaxdS2l4gY/0sSMlKQUJxIsLbXiNj7x6+sDxU4/wepO3Ng+P4RChxyhQhpxsD69SZcOJ3fBLzOpR/PchztIT2zGPIqDmF2IY7iF24CkacvwLIQssoBlNX5mNJPuP+atTduoTDsYFwDp4M9zn58J3XjcmnX2LCPvbnlXCKioLCwH5HGuQ/rWrELISWVCJ4QSb0dHU/HumWN4L29B5M6b6O0KlpkBPRh87kg0jteoroqe6QkxvWnlFcxwf2i08iYPYEyCsMqxcU5CWUkWXvgmPMiYIzr+xTF7sqeScjvOEV0jYWQM9w2EkCSZIkSZJf5EiDPAsFeUH+FEFeFQpm/jDOKUPs7qPwTTGElAz/F+u3BXkl31T47u9E6OQc2Pp6cZZUFJP0gHHyLKa8D2FTM6Hdv3oKn/IOodCzluErU4eyxTz4rNqDMH6XLoe2ttYXBHkRyKTvRMKOLdALr0ZK51OEJDP90zRBzt5uNNQdxIKkJMTlbUfJhbM4xAR5O9sAmIYmwTKiGhP7nmL8OvbncTBycuSbdjP6QV5KxxyaTlaQFzQPXkoeCknbEbWnGeGL46FvbQUpEeYztAyESd5RxO8ph894bUhI8m+nDCX3PATtPwiHIF2+cp4jDvIKkDNOg9fWSoTl74KNrw8U1BUH90GSJEmS5BdLQX60/ZnmyKuZQCOxGPGH6xAxPxliEuIDXywrFX0c8wrCIl25gTI24M93jMB5F0MoiItCUckUZaExQ4I8O1IbVNwKn0lToaaoMDRsS8lC3j8LrkW9GLdmGgys+OpEYuCYewAxi+dDVEyMVyYDKWVH6HgEwZBfNzfIycnybftpteccQtSaKCgkH0Zm1wP4hzNlZjY4cP4u9hVMg5KIIXyydqH23lWUMUHeeGDb32NqTSJcV5Yheu1yvtF9VgvoBhQgbM1GGNpZ8ZUziopBOm0P4so64J/kCCV1vjpWdeYEIPkgxh2pRfjccYPlatYwXNiIyOU5UFPma9+vuD7a4mKxk79OVB6p1p5ocjKHv5QInNQsUR08HpcH5sjLQEZ3CnwLuxG5chXU9HVHf81/kiRJkvyJpCA/2v5MQZ5VRhtKxpsQU9ULF6/B0XBpcTmkmHmgLSoG9SGRqLI3hYusONRljFAZGokGpqw2yAuHTZzR2B/kzYPhxARV15QUyMrznwDwKcmEc7sUOK+tR0DGOL7lIGcjuOwh5lSUcC66/Wi7r9IMunGbEVXahYyWx5hx8jzSW24jcjJzAiAvAgkNE0TuPo3Td6+jruss6jvOoe9uLw5+LsgrqCDVzw0t6UG4Oisaj2aEoGtiAEotpb7wos9U+FQ8wuyey3By5C93g1laOyY1dcLG35OvnF21Zh4Cj7XCwcQUMkNW1eFTVgdKptsRf6IPjs7cMmnms3Pfewq+6aGf+MuFBOwsgnEtIpL5fMNxxNkGCZJiUFYxwf/P3l+Ht3HmbeP3H7/3gX3uvZfv3W23ZDHLlpmZmZmZ2Yljh5mZmR12nMSJw+CwkzgMTdI0ZYbtdrtdON9rJINky4mdqG5af30cn6PNBTOj0Wh0zuiamVWxWbiemYPrcSFYE5qFO77W2iDPU9rAZcFlZM4ZDZWVxsg0CSGEEDIQFORNbagFeS0lJJa2EEsMyyUCEWxkMtgxtmIhxNqzsnxoJFJdmVQMC74QViIBxFwfkQxiteXTn6LK58bMW0PCwn53yFRAorGDQqN3keczE0Igt4TMpgQR624gY2IWrFzsIel83XwBRGpr2Do4wI6xYe+3ja01NFKJXiBXQ2ptB4n+2HMeHwrWxl4pNWBjMKTlSaTwbngX4y+chbXBxcUiCGXWkFtZQyjuue7YclhZ9eNAQcXa2UHMTVdmB+vhR5G/bhMcZX2/FzyBWPs+cmzEIsi5cp4AKrHu/bWTiKASSmAt7DiwYq9fwD4fEoWk17QIIYQQMnAU5E1tSAb5n6tSRC4/hZAAf4iM1g+i7OUoOvIexp49DVuFwngbU2IHWHxB91ApQgghhLx4KMibGgV5QgghhBAyCJ41yLe1tVGQN4qCPCGEEEIIGQQU5E2NgjwhhBBCCBkEFORNjYI8IYQQQggZBBTkTY2CPCGEEEIIGQQU5E2NgjwhhBBCCBkEFORNjYJ8//EEsLP2whw3S/gYqx8AaepYxM3bjswlS2Hf9WRX05BlTkZUTR4EogHcjjF+LJZv24JZEwqM15vUGwgL/yNWzvkldixgJv4JbjavG7QRahzgVjsV7kH6/Z5A9joC0/4HDdz0FvwaS/Nfho9Kr97rZaybp5tfw9TfoLLzAVVucfAeswrhOeGwyh+F2LnL4KJW9/FQqd5cyiMxfkUmCnON1xtjMXw9kiZOgL2dJ3wnrUNwZqruuQSMX8yfsGT6f+vWy8w/IZn/Rq/+AyUOyUHw9K1sW1sFTyenfj7MayD84FyxBGFFjhAZPC/g6crcozDTmu7TTwghQwUFeVOjIM/w4Kayx0IfP2T39TRRDl8EH/c4XO18sutzEDgFwT4yFQHb76Ny3U74+BlvNxDSxDrErTiC0tOfYdzlRyhaswxKI+2Mqj2At//5HS4dWWC83qReR2Hxb3B7zy+xoPxPSA1+BWpZR2Dl8eE+5ziKd11E7ZXPMaJpGwJT43v0N0L4Biyd/4LkqP/B2gW/wo15f0KijV593B/xUdt/Y18UC8ehL8HbuqM8fDji93+A4lnFcJu/F8OuPkKYnV2/g3zomnIcemcaFs0xXm+Mw7bPMeroEfh5xyDp+KfImToeso46jd0riAn7M1Jn/wqfn/kDRrPX1bP/QPGtXWEdlgLfpcdRtO0kIhJtwOcbb/tMwqcia99VhMZ7QCDgyniwMnfF2mB3pBtrr2dVVDna3AfhOQOEEEJeCBTkTW1IBvnhiN1wHGExnWcC+Qiy9MDJqDiM1T+L21PPIO+VhsAp6+AREWK8fSeLILjUb0d0STFUPeoE9j6IOfQVKheMNigfKEn8cCTuv4XU8kZk7HkLOZOzYefLgpWRtkZpXOEbFARPNzvj9SalC/LXNv8WBT0OYFznn0XN0XYEZ5xE0b7DCPDyhUJjbtDmyV5Ffe1v0W4kyH9w/ndYbNCW8ShDVMMtpJTkwryyAVWnr8DD1sawzRPIHCzg5mcDO1vj9cYoFjxAXfMu2HlEIWL3Q6SNqul94FD5e3xwyjRBvhPf0hn+a69jxLbVEEu5bV8OheMixM6ZDWsj7fUJFfORvHk7fHx711mP3I6cVZWwtO18qi4fjjaBuJEaghE92vakH+SFrqHwnrEJ/slBvdoRQgj5eaAgb2pDLcj7T0Va4weo3b0ccpUQKpEMa6JLcD+/HB8XV+FxfjFu5xajPcwb0XLd0JQsp1i0Zxex8hK8mV/UHeRFIfAYfQIVpy4jICocws556LP1h8viWxjWvBVBiQqjZ3odtnyC+uYdvUL+QFiVLkTJwcvwCp+D8C3nEezuBL5evbVvGOa13sfNd9/Vam0pR6S/rm701lZcefwubjy6j13L87r6aCWVY3Lr7a5+bYenQ2MuhXz5cZw9uhopem29s2uw+UgzMpOD2b+TMb3pEtrf4fo9xvmTa5Ha1bavIJ+PuJPfoGrVTFi4NyJtw0qou+o4kahj873wtm5Zbt7dj3yDes4Ag7xABpG5NQu2UvCk5pBZWUOgHerEg8raDzMPZ2PM1CxsaR+DXRdLMarEEZbavvYY0VCBbVz55UqMzDGcrnWcF8YeHIFdXD2zfJUdrCw76lXsM6exAF8ggsjCBhK5zKCv1jMEeb54CfJO3UfBjHFG6zkW006i/twF2Crk7N88CB0iEbz3Q1SsXQpXd+N9zKI2obz1UxQvGQmRqEedexXitrUjNjEKUu1ZfhscYJ+VewUV+LSkEo/ZZ+l2bh5OBnoiRcjVSzA2IAGXsnWfs/eKqrrPyAsD4Fp8HtUnLiAoLaF7HoQQQn42KMib2lAJ8iw0CbIXIe/IxyhbHAGlRti1UYn4IkTYeKE1Oh4TLQSQ8BkeTxuERdYhLHTEY61EDIlIiiDPeL2hNTzw2HTta9eg5NxbiI2MhkzQfdAgcvKHf+OHqN7RAG9/IXi87g2Zw2PTE0rlCG7+K4atms/K2PT4Em2ZIRYy2fLo9+0lZjSS932MCUffQdX1+wjz8uo+sNC4IGL1OVxoXoMyBdvGJBKIxQLwO5ZHIGKvjZU13PsGJ7dX6E03BuXTL+DEwbFICpB19NOtN/n4U7j91gmM59aTRAoJKw8uGYeD186jKDsSiTNXYuPMQNhbSaA0H4cjH32GA2uLO6bbV5Dnw2r5mxh37W+oPXgHBRtXw1wk6qoPGzEZK+enIcCFew2V2P7gK1zZV6vXnzPAIN8nHsztwrDl/YnYui0eiRINUupzsO5IJCLDdG24axBEEm+suDsCU0v1+jrbIHVjLpZNCUSgjGsjgLBnAH6aZwrya1HS/gnKFkzrVccTiiFg25L7kjaM3NMEiUzaUce2OddoeK19C7V7VsEvTsK2wY5tTci2xdoW1LV9iZwxUvCFPa/lEMC2Zg3ytm+Hg5dDV7mYfSY87IJxMzUMo7jPEjswEms/TzyUe8bgRkwQwlRsm2F1a6P1h9Zw278vnEv2oOzcXUTlZbODA9NeP0IIIeTHRUHe1IZEkBdDVbwUhRe/QsGEJCh7DZ/pa2iNFEuictHmpoSCC71PGCOvrNuOyitfI39UBERiHgRKD8Sc/Adqd+2EY4+2ndxW3MToK+9h+KGDcNGWOcI6YheKWx+jTt+RY3BzczU4w25cAUKX38eYW3/D2DvvIMLThwVeVm7uiKBFrbj4sAVzxznD0ckBGoW017CbjXd7Bvlw5E88i8v3j6C6LBGOzg6wFLEDElYnU27E6UetmBYQgPxTt3B81RTMGj4FJy/vQU6SG8yk5rBycGJ9nOHi6YWFVz5Ga/Psjun2PbSGey+k2S2oufVPTLrxMQpXLIeVSqV77RIlLOwctdPkjDvxDh5cWtOjvymDfCjWXC1CVaquzL8wDMuPpiApUf/iTE8sv1trGOQdrRC3shibTiYiO1cFa3s55CJ+v8fda5l4aI3dyAZUXPgEI89eQKC9Xe9tySYBvgsfov70aQQkBrNllcJy2gnU3fgK6YUaw7YdeNI8hM25irSJOVCr9ev6GFojtsHy2CjstdN0fSb6GiNvXb4QpZc/RVpuFuS9DiAIIYT8VFGQN7UhEeS94Vi0DjnH3kbBvJFw8pb1uNjv+YK80MoZTjNbULz3FipXLIFYJoVQMQ8ZLVdR0ngY/iyES6Td7TvZj9uJxGGWemfqxRApvWDpHwZbfb5+2rPhPfsbwy/ZiLIdjfBf8TZG3foCiRkddc6+iFt/BCeuXMGVh1exe/ZoRKoVBsOBegd5xicNNRsO4yjX76M3caA0G35CIWSKCux7eA8tK9Ow68072LtkORqmzUPL0fFIDbOEY20Djr/9CKevX8XJ9nbc+fLrfgZ59hpUNvDa8jZKNm9G5ulPUTxvFmzE5rDJX4gdtx7i/J0b2tdx/YvvXswgzwlwQvqaQqw5Uo0dl0swpsgZtuIBhHkTB3nL/OmIGhUDdefwHn0iOSShwxG58iqqj51AVHIy5GaR8J7SjKLTHyBvXArM9dellhSq3HnI3tUCzwjfHnXPE+QlEFm4w3PiJuQfeICixdNhYW/8QIIQQshPDwV5UxtKY+RDKxG99i7KN4+BR5SH3nAVHgI0bjgRnYhJlt1DbrhgPS8iB9d9raBgwV8k0aA6NNUgyIvsPOA3dx/ydrDA7u5uEIz55nZwmnMcBbuOIibfDwqL7jozM1dYhqTANVT/wj4bWPjPR8rGwyjQt2oNHBzs+xUCNWP3oGDdRChDdqDs6tfIqOrdJql+Ns6/dx9rsmNhq1duNMjrCVmwF9e/fogtdlaQy5XYfOsbXDq6B9uuHMGMLcdw/uYJHNhUjxiH4Vh+7H3caZsIOyt2UOMRg/V3Pu13kBeahyFy73XE1YXCe+mbKFmzAI62uZi0/j5uXV+MUD8LmNkHYNaFD17cIK8nZmYOdt4oQL6r3Ph1FMY8S5Dn+8M+Lh0OAX495mMDtWc8nMPDe4/HF8kgja9H1NabLDSPYAe5enWclFnI3P0BSpanwdbDvrtcGQmvSa3IXFQLGwe99losyFv641paNCboDykSWmFxTBwOO1vBhR282smssC+pQi/ISyG2ykLg1FMoaDoE7/CQ/q8vQgghPwkU5E1tqF3s6lyA4IltqNzfBAeX7vHXtjJLLAtJxK6IQJS6eqDI2hy2Qh5SHCNwLTkKw9w9MdwvAu3xabjUGeQ1rnAfuwHpq7fBxcvD+NAXc2dYj2hE3vZ9iMj17rpfuJnZRKS1fIFJh/eAL3jeoQMWUHqlwCOnGvFbbqCycQFCt1xH1bb18PQyg1ihRkh2OUqqq7Wmb2nEsZZdGB3oAZWZH2Jzy1DMyk988B2uXdyM4rJ8RAQ6wMzGGT7ZJV39SvacwZnL61FnqYSUBfkVN7/BzauHMH9BNbLntuLm52+haVw5AsxiMLHxBtqvzkH9mGpU7G7DzQ+/7EeQD4ZTZhWCKg+g5NxD5C6fj+SdbYjLzITCLAiVi07hws21mDqNLcvm4zj/7rc/XpB3t0FYji9SilKx9eFYrF7pj8QsF7jbm0FipYRvOlcXoFW9tQCr1kYh0krcj+FRHZ5ljLxkKYrufI+6ZrZta/Tr8hE2/yHGtLbCztNNr1wEkX0xAje0IaOuGjZ93XnHezQSl9xD0eaF0HSc0RdFVCBu50VE5CQbDdtqqQNWxWfiYIAH+zy5IcdSDUe+DFk+sWiNCMEkDw+sCYzGqZSSriDPV/vBrb4F2Rs2wzXYv9c0CSGE/PRRkDe1oRbktRLhXTsDbl76Z9+F8DR3xKTAUMxhpjvbwl3MBWwFyrwDMZuVzfBzRZHCBiMczeHG9bEPhHPOcNh6uOpNxwiFC6xSRsErKqrrfuFmZrHwrJyN2KrSp1/I+lR20EQMR+j4PSg6+iGqd+1E8rS58PDVnTmWWlgjfdw8zF6ypMMs1EQEdJyNj0PJhDmY2VW3BDPnTEZOshfMXPwRM3aWXr95GJ5uDamIhS6RGPGj5mDK1OFI8GbrI6gUY+ZMQ1GkPzRsup5pZRg3b5G236zFk1BTNwO15Ukdy9tXkE+D3+hFSJp1D7WX3kLOpPkIyszouhe+c3QGRsxa2LEsU1BdPxuTRmbr9eeYKsiz9aa0R/ZofwR76P5t4+eAjGoPuLmx7SbUFVnjYjF8emKHBFSOCUCopxnkThrE1sfo1YUj0VEOaY/pP9EzBHmeOB4JZ/+J+pb9cGEHFN11fnBImYSo4bVQWuoPU2H7G8tSeBcWPvWOSQJJMfzrRsHekf1bZg+HmrVIX7Yezm62Rtub8YSwt/LSfpbmBAZhvIM1fLjhbFIrlHoG6srdLBFj7Y16je62lXxrN9jnj4CTv3Pv6RFCCPlZoCBvakMyyP9c5SN89SXEpAVDor3V34vqKRe7RhxG4b7Gp97b3DjTBfkf1UCDfOQIxE5ejvzD1xCWnqz3y88PgAV5i6gyuAQFQWKsnhBCCOkDBXlToyD/M+IG6/B0aNg67vcQjh+FLsg/OPG/cXbdL7F9wp/gZv16Rx0PAqcUuMREQtSr3xPIXkdg2v9g8/z/wuW9v8BdI0H+4/b/gzvzf4nNU36DimC9uheIX/SfsHjaf2N70//Bt+d/3/8g75kMn+wKeCXEDmy9EUIIIYOIgrypUZAng+4N2Ni+gvioPyGdBdf0kFeglg3gok5jWOC1cvkLUrjpRf8Zce6vwUKsV2/xKpI65pca9hJ8rPXqXiCW9q8gNvzPuvUS8QqceM+5XgghhJAXCAV5U6MgTwghhBBCBgEFeVOjIE8IIYQQQgYBBXlToyBPCCGEEEIGAQV5U6MgTwghhBBCBgEFeVOjID8APEjECnjLxV33Nn9W3D2zLX1CYOPnZ/Jb+AlsPGDhbDew+9NbusE/JBhe7npP7/zBvAFz81fh7/0yQn0Y91chFxte1MkTSSF38YRcrd/vCQRvQGX9KoK56fn8BX52r0GpfwtOxWsI1Na9jGDPv8Cpc7pySyjcAmBhawGxnSs03n6QCfWfLzCYFJDa+cDKwwNCkTPUXsHQOFp11Utlr8HLo2OdebwCjaKfF8JK2Gt0CYC1Xyg0DnLwBUbaPBcVZI5+MLeXgsfdK95oG+Mc5Rbw0j6vwXg9IYSQnxcK8qZGQV5LKZIhzNwCTk+6/zpfBB/3OFztfLLrc5DlzEDq6sMoPf8QcXFJMLcw3m4gBHbesI1Ig//a6xi+fzc84qP7/4j72gN4+5/f4dKRBcbrTUp3+8m3Tv8vXN/xCxyd8z/wsuu+/aQqJB1ehaOQcfAmMifEs/Bpp9e3D/LXEJb3exxY939x59D/xT0jt5/8pP1/4e11v8CBhb/CyMiO8vDhiN//AYpnFcNt/l4Mu/oIYXbsIKiz36CKg9/86xh57ASsnLch5/y3qFk7uqvexe0lLJ33C1zc87/x+eFfozL2Nb2+T2CXAr/xO5G75y2UbR4Lz2gPFrhN+CuVVRlittxB2ihfiCW6MolYiWhLFRx7tu1hVVR515NdCSGE/PxRkDe1IRnkA+CQUgRbB0HHv/kIsvTAyag4jFXpt+uhZ5C3cIVVeAos7GyMt+8ksYYqKAP23t69HtQjL1qIknMfI7Mq2KB8oASOAfCY34LctbdRc/5LDN/bjIxZUyA30taouNFYsmUzZozLN15vUn0/EEodV470Ix+ieP1j1F14C4WzlsInNsKgzZMN8IFQAVWIbXwLOaMLYDdhJ6rb7sDfzvZHCvKe8Jx5BsMONMPSaTnST3+D8sUpvdqFJP8RZ7b/rv9BvpNTHoLW3UXd4V2wkklZmQgiZRwcoqP1njhsHF8UA+e0DGgse9fJytYhf9c6ODlZdaw3PhxtAnEjNQQjerTtST/I89W20ESmsYMY617tCCGE/DxQkDe1oRbkrWPhUXgYpQePw8NXDIlAiEynACwOTcTt9BzsDfbDGG8/1NtbwUmk6+eldka9Fyv3DcKCmMzuIG+fisDZJ5E6fxFsHB2MP4RJYQ3zvKVI3XgYMcVRRgOTx64vUbdj3XM9jVNdNBeFJ+4iNHoRora0IzrOBQK9YQ5yK3sk1YzD6EmTtGrKAuHYcS/1iLwa1E+chFETxqEgzaerj5ZrAGJqxnT1G1ERB5lECFFaFYZVZsBNr62VVzByK0rg6cadQXdDXNEI1Gv7TcTwqky4d7XtK8j7ILTla4zYuRm2Hk3I2LwBVl11HEeEpVWili2rdnnGlsLHoJ4zwCBvEQDHvLFw8/GB2D8PwcNHwkKhC5YSuTXiK7wQEeuFvPoIFNb6I9xf1f0eBjsjbVgYClld/vBgRIRy5UJYu9kjocIPaeWhyCtxQ2KZH3JGBCM+XAKhwAxCdmCXyk2PM8wPwSHyruVRxZQgoCgXMlU0XGrmwS+282Cz2zMHeU7mFlRdfowoPyX7twQyl7GIa7yI2MxU9lkx0p7jmIPgkVdQtGsDHBx71FkEwX/JCSQPi4NCzpUpUOrtj1nhaXg7Nx2N7LM0xtsHVbYauGu3RwEibVxRx32eWN2p9MruIG8dAZ+p55G9ZB57/12650EIIeRng4K8qQ2lIO+VBv9ZF1C6YxnC8qO0wwt6Bvk9LMiP1g/ycnusj0nGKd8AjO4Z5M0soQ4oQPS6o8hcthFuDg4Q6G2sPIUlbOo3IX3HWRbckmFp312nzxRBXpY5HbkHHyFv1lFkHb+GIEen7gMLmQV86hbhQOtpbOoI5DVlLMDqBfk6Fo7PfPgNTm6v0JuuK0JGbMaOs41YsbQjyJfrgrxicRvu3WtBTVdbMwSUjEXLtQsoyomEZ/oUbGiYjUkzJmHctIO49Pg6FuQFdrTtO8h77/4Eow6fRtyE08hav9zgWgTn6BosXrsQM+dxy9KECx+8jU1V4Xr9OQMM8n3iwdwuFOsf1GP1hkxMrk/AtC2lWLI6AD7aMKtG7PxIFEyIROHISFQcr8W6zV7wNpMjODsJDbcqMeNYGZafr8LmE4lYcaUWm9Y7aMNuTF0ypmiDfCzGLcvHgi0h8PbsOf++mS7Ic9uoBpZVy5C87SIyJ2TD2rlH+7BqRK18gPIt4+AV1eMgj1GmzUHmrmPwCfTp2PY7g3xqV5AfrRfkgy09sD8qFvMCArWfM/0gb2amgcqNHVgsO4estZvh7ONl8HkihBDy0zeQIP+f//wH33//Pf7+979TkO/TEAny4tA8hKy7goIVC+EXq4HAYCx8X0NrRCj0S8HlUFfEc2OK+xgjL/WIgO/yk8hfvRfB0TYQCFhAksjhNn0vcnafRWRcNFRGLtq0KpmL5PnbUHr2IWIjuKE1VlB7TUbsom1I1zdnHmxtbZ483MPaB3aJ65G/6z2MvPsVKtash5NEoqvTuCJy3TXcaN+KERE9+unZeLdnkI9D1cyraG9fg9QIw+FD8tA9uPToBCZYOcB3wlxMKEtDZdVEHL96HPnpAbALjkR0gBoStp6FkgCsuPUJTjSO7+jf99AaSXgRghc+xMirX2Lk6XZE5Wd1HeBYeQcgIsQOahn3b1dMOfsB7p6ZZ9Df1EF+w70aTBtpAxu2LYSVxWPVsQTEx3IXw8rhG24OiUx3oaY6JRFbLuWj1J8L8snYcDoNGUvDMaa1HLNGO2LE1grsPOAJpZIHzwQnOGvnIWD/H4xlrTkoyBN3zPfpninI++UheNIGpO99G9Xb62Al1bugV24JVdpsJK0/i7ylE2DnqbvgWZo2DnG7H6B4/ig4eetNq0sAvCccQ87S8bCyl+mV9zG0RqjC9LAYnPRygrtQt956j5FXQe6SwLaBJmRvboaftxdEXXWEEEJ+6gYa5P/5z39qg/w333xDQd6oIRHk3eE4Yj+qbnyDgglJUPYaB99XkJdiSVQu2tyUUPDYv59wsauybjsqr3yHUVsWQSKXQqSajvwb/0Dtrp19XvDntuImyjdUwDWmc8iNFGKLcDjEZcBVX3QM5PLu4Rd9s4f5iH2oOXwR6ac+Q+WmffD1Z+UiKdRpwzH1yh1cvnkEuw9swdjkcFj36N87yFvAPmMWNly5i5OXz2L3kW2Y6GKvXVapYg6OvH0Zm+oDsPj6PRxZPBvLhk/B4dMLkBHLljW8CjO27UPjkSNoOnYc7Z9+hdbm2R3T7TvIcwRuGYjc/ylGHL2MopM3kVBcBBVX55+NujWN2MWmuZs5//Hf8ODSmh79TRvk11wtQlWqrsy/MAzLj6YgKVF3gBRRn4QZW4sxf0cxFu+pxZ7rxahJ54J8IlYeiEHCtACMOZGHuhQbVK7qDvLS+kRtH86KI8PQdDkfJcX9eX91ninIp81D3u6L7GBkOOw9ZeBx27N+vU0CfNkB1JibbyEhL5O9xyHwZtvn6DtfI71QY9i2gzi0HsmbLiIkJw5CkX5dH0FebIPlsVHYa6fp+kz0dbGrdflClF7+DtUr5kJjY96rnhBCyE/TQIfW/Otf/8I//vEPfPvttxTkjRoSQV4OibUnLOu3oWD/DWRP8GZhW3/Der4gb5k7BVnH3kRyQSWcPNzB4/PBE7jCKj4fEXseo3jhbDi7drfvJHb0ZWFR/1aH9rAMWYucfe2o1Lezka0zp35dgCmv3YGiLWtgHbYPpVe/QeawjjqJHGqvQASFhmL00nU4096K6bFB0Oj17R3kGZkGdl4BCOT67TqJK+1HMdvSnB1YuGHb7U9xtmk5mt5sx9pNu3G4ZTtamscg0S8bY7ffws1bO5GSFo/QqBisvP5J/4O82gZBO+8ibVoW/Je/iZJ1C+FkH4ey+edx+U4LyssytK9jxtn3frQg71IRhRXtVZib7g7fQDsEJyRiU3+CfFEYlt4Yg6UrbeEZaIuE6kisbB2EIK9iB3ku7hBJjJz5t/GF86wLqGjagajyIKgsLMDnbinp5A/rmedQe+wq4ot79DFzhUNFE3K2zoaLf89lf54g7wSblKXIPXwVCfXjYe/mDKH4x7odKCGEEFMbaJDvPCv/3XffUZA3aiiNkZeaQ5a8HgVHH6J81XgIRN0XEvqYO+BYbBrmOuvGDuvwMDkoC29HuUMl4Kblh/a8IoMgr8kaj9wjtxBVUACFWKTXl+ELIQrIRMDmtzBs+wJ4ai+G7DQccZtuoLZhjTb468oEEEhsoLB3hkqfnR2E/by3ucOUFuQsToJi9GGMuvEZ4jtCqL6wmuk4/ugu1mTHwlav3GiQ1yOdsg3nv7yPLXZWLMgrsfnOt7h0uhkr9q9E+cY23PzwNvZNr0G4cDiWH3sfV47Fw0bDg7hmJ25989d+BnkeRJqxSDrUhqjqaITu/QDFc2bCWpiLSevv4/L5CgR5sfctdylaP/32RwvyvlMysPV6PgqdZBDxeRi+fzz29yfIj0zG3rdqMb6ETdNRg4iGSrRc/eGDvHX5IhQcuoRQHx/DW5JauMBu3mVUNu5GYJQFC816dRyFNZSFJ1B76S4yx+d2l3vnImzjFSRUFULW65atPNgrvXElKx2LzPXLzTEnKg0Xfe3hyfpkO8fhUUGVXpC3g1XcWracNxFTUwGxlLuzjn5/QgghP3XPcrHrv//9b22YpyBvzFAK8hyeCALxLGQeuY/YlO6gwDOTIsMlDNcLy/GwoAy3I3wRKxdAyLPF7vQCPGBld7JisdXOHyfCnBHP9QsoQMSygwhMTwK/K4z3wOOBZ58InzlnkFI3HOZddWORvOcDjGveAT47SOjVb0D84FLdjLLzn2P8re8x8eaXGHvtQ6Tk27DlMoPayROzzryDB59+qvXwy0c4OLIUwdplHoMNF9/CPVb++Ju/4Z2vv8S9R+1YMiUZZlE5qD99v6vfgy8/wpElQbCWm0EkU2DyuQ9x994hTM52R0LZDlz8kIX8uny4swOStAW7cfnDT/Dgs0/x5uc3caj1bRxtnNaxvH0F+RnIOvkBxlz+FhPvfY/x7e+jeMky2GkPYgSIHrMUJx5/goefc8tyGwfOfIBbZ5br9eeYLsirbYOx/EI+ypJ0Zb55oVh0IAnxcRLwhM4Yv2849t6ZgH23xmPHvkysbCtAZYocQRnxWNIUhdhJfqg/lI1hidYoXVqKhiYPKM2FGN06GS33WL+bddjaVoTVh3JQWKA/xvzJniXI29auQ/mFh4gKCNAbc66E0m0L0jY2wIkdhPYabtOJL4bMZgfyj7ciMJgr48M8dSTSdh6Hb3xA7/YMTyBDhE8q3i0sY5+nQpwL9kI6d72EhTd2JRewAF+Gx7GemOCTidNuuiAv9IxD4OrjiChKMMFnghBCyIvoWYI898edmacgb8xQC/I/a6kIWn4ZSVWh7DUbq39RPOmMPB8ShybkteyHk0F5f5kqyL+4nmlojSlZhsJ94kEkVFdDbayeEEII6cOzBnnuj4K8MRTkf0YyEThlC3y5R/wbrX9R6IL8zV3/jSnZLyPE/VXIxW901LEgn7QRKfNnQNGr3xMI3oDK+lUE+fwJi2b8GteNBPkPL/4K231eRpDHX+Bo5C5CLzqp7DV4ur+Miprf4tru3/54QZ4QQgh5RhTkTY2CPBl0ryM69g/YvuoXOLaOmfs/8LJ73Ui7AZC/hrC836OFm966X6Kh4iUE6I/P9nsJTWt082tZ9CuMjNSr+4lwcXsJy+Z3rLOFv0eiLwV5QgghPy0U5E2NgjwhhBBCCBkEFORNjYI8IYQQQggZBBTkTY2CPCGEEEIIGQQU5E2NgjwhhBBCCBkEzxrk29raKMgbRUGeEEIIIYQMAgrypkZBHmZyR1iX7ELR3ivIXzwWzr3ubW4M65O4CLGzauDgYaz+eUXCo3wdAmJjIe0qG421rYcwLVO/3YuqBOELT6CMrdOcKSVG6gkhhBAy1FCQNzUK8jDjCSFQ2UMZUoGwFbdQ1dQA1xB34227eMChcD9yts+CW6Cx+mflDce0vSht/Rhjrv4d4y59jKI5cVBbcnVL0frle9hc07PP09mo1ViYlYh7IzOYWOz2tYSvkXamo4LUygkq+80oufQhyhZ0PtWVEEIIIUMVBXlTG2pBnicAXzQDGYffRGyK1GDj0tZF1iJ+3z2kFeTpHkgkEIEvFIAnlEAgZkQi8Phc+84gPwceoWJdnVgMHq9zXkI2H/Zv1r+zjs9/2mPnXWAbdxTlJy8hcsVOJG06hYDUJAjFArZsXD0X5N9Hw3ARxBIJI4aIWzaj09IjkSExPgK3cjxRLhIgP8gX16ojsM5FAVtj7Xvic+uMLb/gWYYoiSHJOYXhbTcRGsH92wHWyWuRsHQuXNw7XxchhBBChgIK8qY2lIK8RAVp0joUHH2EitUTWChnQbLHBmbmWoTwDfeRN6MclhozqKeeRMWOVQhv/hgjz32AurO3kVJtDn5HkM/bfQelze0Ydv5TjLv1LmKC/CFg4VSs3on8i/cRN6Edw89+hNEXHyN93CgoxMLe8+yk9ILj2Mso270VfqMmImbFNnhEeOm1WYrTX3+GUwfbcOe9D/Dmh++jdfs8xMnFem164sFFY4eLNfFY68u140HO3vPVRbFoj7SBv8hYH0Py4sUovPAV8sfFQaEw3uZJBOptKLv2GMnlHWUeyQhYdx81uxbAJ9YCAnYw0rMPIYQQQn5+KMib2hAJ8ny1LdTDtqDgwC3kTPSGRN5j4xLJIXHyh3XRHKTsvYiEzETIWDkX5OuvfI6C2dUwk2qgmXwD1bt2wlmqC/Lllx+z6WWx+UTBb/VdDGtcCYlCyoJ8I8rvfImyFfNgY+YAm6zNyD/YCv+kEMP5GtBAHTgDaYceoub816g9cAqhuQkQSUQd9Utx5pu/4c7lDagwM4df/CKceOsGFoxNgZx7fR5BsPYJ1hMEtRUf7lauuFIdhoVWYnhb2WJuYijeGp+NB2mOCOlHMJemjEZSw1kklARDJjPexii5Iyw8g2BX14aaU63w9ders02C75SLqNx7CAGZ8RCKn3QwQgghhJCfAwrypjYkgrwKFuVrUXzpaxRMSIJSZWTjcomGz4ZHqDt2E+lTimDjoivXBvnmfRDLuGE4Kqg9D6Dw2BEERfQeI6+edAQjmpshVSpYkN+FovNXEBquq5PEViN5zzWEZac+dSiMyCcbkVvfRf3lb1B/+DjCCjIglnLzNxwjbxmcgAVXH+Dg/HpERJYicslhFG4+3m3TEURm6YL89bp4tMX74ERJDHZEO6EhOQRXM1wRrnqW4TL9FLkBZRc+RlnDUSTUpBhpk4+w+Q8x5uI1eEd6ga8dskQIIYSQnysK8qY2JIK8C2xSpiJux3UUrFgA3xhuOEePjcvSA/YlM+AdE25Q3jvIt6D41AmEJT1DkN9/G1F5WRDqTd+4ILhVHUTS4n1IXt+Oka3n4OThysoNg7wsIA5jzt3EttnD4OroD4eUMvhmV3TxyS6DgycPbpbOuD0hG1ezPZCh5vpKMD4hDBdj7RAo1Z+viblXIXLyNKiERoYTyZ2gCVuEtHWXkbe5CcGJLhD1Y5gPIYQQQn66KMib2lAaI++dAf85F1C6YwlCcyPB43efjRZaOcO5cBQ8QkP1bvdoGOR5Yg1ca6+jZPd2ONkNIMjL7GFdsR55TXvgF/+0u+EwikT4TWxFbOVUeI49gJqTF+Hi6QaeQZBXwitmKppvtWJafSBEfsnwG7kECVOWd5u8FL7RZrBTa9BcnowTCbYIYGHZRm2NDbmhOOBvAfd+nAUXesbAo2gcfBMcIR5A8BeHFSCgYhScXHoEeRbiLXNWI33LIaRNLYe5rYVhPSGEEEJ+lijIm9pQCvIcmzh4FB9B6cFj8NBe/KkrVwSmIvXM1yicMgWWnW0ZbZA/8yYSpy5DwvRVyG1uQ0hKAkRGbj9pGOQbUXr9QxQvX4S4WY3IbDiG5HExMLfpnnYvShtY5ExF3Jy9KDr0Lsq2XkPx9ktIHDcOcrWKtVmK03/9Cm1HF2HmovVYvfkEtm3JRLCXkWnpkYhEyAvyRWtJHI6k+qEhOxgtiS4oVYsgN9K+J1HWXOS2fosxTfOgseeWw3i7nsynn8aoW18hOVP/7kBqKEImIWr5fsRWRUBtZdiHEEIIIT9fFORNbagFea1AOKaVwNah+24pQgt72KeVw9nfDxK9ttogf/Iqgkvr4Z9fBc+4aBbiuTol5C6JcIwNhNJC15Y7K+6ZkACBUKgN8iXtbyN7cg3rVwPvpCiYW3dP1yiZBZSRxfAftx45+99EzvyV8E/LgMLCvKNNKNIrq1FWU6NVVJyCwH4+jEomFiPa1QGVAS6o9LVBHAvx2ttr9kfIBKQ2f466HeNhYSsz3sYIUUAavHPLYae3ns3M5JDax8AuPPiZ7oBDCCGEkJ8uCvKmNiSDfP8ZjpE33saYnmPkB0IUXoKojccQmBZhtH7wOME6aRaStt1B6dYF8Eu0hJDGsRNCCCHkGVGQNzUK8k/0YwR5nkIDhYsnpKr+n/3+YUghtvSEpV84rFw0EIqNtSGEEEII6R8K8qZGQf6J+GobKK2tYdb1xNZ+4lmx9WoHMYVfQgghhBAtCvKmRkGeEEIIIYQMAgrypkZBnhBCCCGEDAIK8qZGQZ4QQgghhAwCCvKmRkGeEEIIIYQMAgrypkZBHmZCJWReGfDMLodHbDBUlkba9ML6OMXCIdIPCnNj9T8MHj8cTqmZ0DxhGeWBqfDMzIG50PCJqnwLB1hHpcPSyd6gvH/eQFDIn5AZ8BokAsM67h78VuERevfJt4VfTBaS4ywgecaLfflyNTSRSbC0N1bviNDUfOQXpcClV50x/ojLL0FBeTnyCtMR5GSszZOoYeuSgqzCTHi52xnUObH1mVdaivgQ/fbPQf0a4qJeQaDiDQiM1ZsYT6qCOqYYPtnFcPLzhdhIG0IIIcRUKMibGgV5mEksoY6diJj5+5Gz5SCSx7MQbGdhvG2X3k92HQwCjyaUXbgCf2fj9RzXRW0YffttBCqVBuWy8AIkNF5GeG6iQXl/+AX+EUc2/xJLi16BvONe8nyZCnZ54xE9awuKj15BzowKWLs6sboUzNr3Js63hMJG03taT8TjwTpnPCLHL0PByYcoXFgDR1+vHu3ysebyx/joq4uoNCjvSypqZi/GorV3ce+zG1hS1FluB6+QUhSXBsPZtrMsHJnDRqMgWf8gyBepFefx5hd3Ma42Q6/cDEU7r+G9f3yPQyu7y56L7StYt/rXOFr5MszFbxhvY0I8lTVsKxchedU+ZK5rQVhcCD2oixBCyA+GgrypDckgnwCvYdPg5mV4xtpM4Qyris3IO3QJkWnxTzk7+SMF+ZoLGHH8EGyN1HVSx1UgeFgdrEUivXJLWCeuRO6+PQhItNUr7wfXV7B49a9wfcyf4KHUhUueUAyn+jXI3fsQ2UvuobL5DJLLh8HW3YXVDyDIW8fAo3QMHLltkP3bung28o4+Qvr026g+dQ2pVfVwDvDp0c8TyZVjMHp8OXwNyp9MptyGCwZBPhrlU67hUvtEpEV2ls3C/ne+wZkt+vfwt4SLbxlqxw1HSICrXrkZvDKrMGryZBQkdpc9r7DIP+D8rl9iZvpr4POMtzE1gY0HPGfuQ/H2RniGdLzGgEKEFJVAKBb3ak8IIYQ8CwrypjbUgrxTPoLGX0Tl/j1wcDESULxKELnlPnLGlcJCaQZp2nhEVObAceR6pM1vQPK02fAK49p2BvkDSJo9H4msLm3+ErhaWoLHpiOQDkPQ5DlwS5ilq5uzDL5xURD2nJ8BS6g9R8E3NwdK/fKQCkSOnwJLlRLmSx5izMG98BnHza8BCWNr4OjFtXODbcY0xM3lyhfDxcJCuxxd05D7w6WuHaU7l8PDT6+8k9dIxGlfQwOSWDB1D+qsex0JFb9hwfb3GOX1OuQd7fmyTCSe/grFi9bAObYZibOnQ905ra4gPxfzGtZiZcNmLFk8Eald9R08kuE7+yxKts2Fq5sF+GaRiDj8NYY3rIK1+26kb1oLTVd7V8QWTsH8jQ1seh3WTEUkq5NaWCNn0lLMmzsXcxtWY/LseZg6bzVWLpsMD9fug5aBBXkllOZ1mNk5L86quUiK8etol4iKqSuwnCvfvApVMZ39deyCYlG3eENH33WYVOIGcxlXF4uRy1ZgTN5IzNLWrcW08iz46/Xl1nn01F/h8c4/I0nQ/7PyPGElIuauQ2RhltH6p1Ek1yHj0B1EZKfphvW4TkB60w2kz53Z9b4TQgghz4OCvKkNpSDPAnHUmjso2zwWntGe4Bl7yFNAOaJ33UdmTRHUYt2TXWvP3kfRjq1wz6hA0JZ7KFk6hgVMXZAvvfApSlcvRFD+PKQ1v43CGXUQS0QQqxtReusLFK85iLCEOkRMa0Vew1a4+Dv3nmcnmScca04ibfY0qPTKZSMaUdNyDJbWlvDc+SUmXnqAzBXL4VU9C2l7LiCmKBpmvsXwqR0P/9zNKDj2EbJHuEEo1Ju2fRg8l99A3pzJHYFST/JMZDQ+RNb4bLjnjEDYtlsomD0cFlyd9SuYs/Q3OFf1EgKk3X14Uj8E7P8K9UduInf1RSTPmKQX9nRB/s0PHqO1sQq5xQU4/PB9NE0p7uovCkhH8LorKFi1FH4xNhBJuHIHuG37CGPP3EbW4ovIWb9c74DGHE4+0UjIzEZadjbmn36ADz6/oB1ao3b0wML2z3D/djtOnT2LKx++jeaj13HxbjsWxYfqXgczsCCvgFgagjg2L25+YxasRPvb+kNrXBAQnYqU7GZc/vpjbB3e2Z+x80PqrGWYunCCtu/UppO4fHUrKp0tITKrxeHP/4677efQsKQa4+Yfx8VLLahN9Ozuz3H4M661/gpbg/of5AWSBlTc+Ruqls02Wv80qtSRyD54C6EZyR0HgbYwD0lB3P7HKFi65Im/AhFCCCH9QUHe1IZIkJcm1CK+6T4K5o+Gs48cfH6PjcvWHy5TD6H8yFuobFoB33DuDLEuyNcfOQ0HX1eY8dUwjzmG4gP74e2uC/L5zRsRmGTFQrMaNjNPY8TeXZAq5dogX3zpLuJy3Fh4k0CROJ6F7jYEpcUZzlef2htO488ijYVi+9hyJCzaApcgP9hPO4KKHeug0ExHVtvfMWr3DljYayDyTUTkzttIqGIBWWkFqaWaLccYJDe9g8w6wyAv8IhByLY7SKmr1L6u7vmWs2m8h4o1KVCqzMC3dof3jndRumyB7gx7yEtYue33aEp+Bc76/Xh8iP0y4DvnTYy+9TeMPnsd0fnZHcORdEH+8rkqRPuKwBdLEHnkbdxp24E8Vq8ITEVs401kT1sAFwdLg+UUuoTCdeJtjLz5LcayA5bkEdWQdtTpK9x2Ge9+1h3kF11+B/u3N6By3F6cubURtSzMbrh+A01JkbDr6PPsQ2vMEJpdgVP3e4+RNzNbhBOff2gY5CVKWDi7wspSrv23qmgRDrx9Exu8XdnBTi0OffoljjT4wdFCBI/4SjRev4YpozK7+2u9ipZD/z+0jRjAOHmeKywDwgZ8MbPENRhha9pQfeIW8qbPha3a8NoKqVsIAvd8iMr1DfDyMexLCCGEDAQFeVMbEkHeD66jjqGGBc6CCUnawNpr43KJhs/Ky0gfPw5Ka3MIOy7o1Ab55n0Qy6Ts3yqoPVtQcvoUIjJ6j5FXTzqCEc3NLMgrWJDfhaLzVxAarquTxFYj+eA9xBbmsGDfMc+ebPzhtrANaQt3wbmiCblNR+Cfthnx6+8gc2wsOxhpRPW1j5CUpdG25+5OE990DVFF8d3TSF2JkjP3EenlZBDYZX4JiGu6gZjSpO62nIBlKDz7N0y49jZGnHwLI06/hYpdzfDQ6Ibm+Kf8EacO/AY7kl6Bo34/Dk8AsW8Gwnc9QuXhKyi98ABJ+flQ9hwjLxDDblEbbl5rRr2ZBxwzj2DYvS+QM6IW5j2nyfBtA+G/60MMO3AWRRffRebI+q6z6p16Bfm2t7Bt9UqkVO/FqcvzUMgO2Fb+WEHezBlxRWtx8O5baH+L+fALvPf9Y+xgQV7BgvzBjz/D7gW6ts4xmWi4cgPTxuTq9ee8gTWb/z88WvJqj3LTk7NtI2b7EbZtuECuUvU40NNx2PYVptz8FIXTR/SqI4QQQvqLgrypDYkgLwBPJIMobynyj36EskVhUJjzDTcuvhAChTlEEolBec8gb+7TgsLDB+EXOJAgz4M0fhhSdl9GSMYT7hhjFwC3JZdQuv8IfCt2I2rCXoStvYeqgxfh4+cJQd0pjDl7Cpba2z86wiamBXm7NsPTW9A1DeVIFvabD0Nja80CdGe5BcxDViPzwF6EpLAyHh88gVB7hxiz4u2oOX0Jbo6OEMuVEHGk0q7x9fyIl7B25++x01iQZ6QekYjcegQRI3MRvPo+CheNgo1NjyDP1r1z013cPLsRaWbcvGVQZo5D6uEPUDCjDFY2hkOcBOb2CGm8jcSxkfCccxulGxfDpcddekwT5H2QN/YwTl+cjLQo3TLwBLNx4J0PsXc89353z28gQT4gmRtK9C72zByBEKUa6qIlaH58G9sGFORfxd4D/x+ujn+9R/mTCMAXisAX9Ni2n4InkECkVLGDVyP92HbiteEtjDx7EV5yBV34Sggh5LlQkDe1oXaxq/80pO/+ELW7l7Ng133XGm64R+qZr1E4ZQosO9sy2iDfcgQaFzeoPYIQe/hTFC6cxQLZ04J8I4ov3kB0mh0UvvkIXHwbZVsnwcW/e9q9sCDvsfEDjDt9ngXHYXAfcwLDb/0T5UtToLYyg+WSOxjTuEHXVuUBx0mXkL94Eaz1pmE/aT9qD7bC3j8QDqv2wk1bbgur8H0oPnEQUYVsebKmIXn1PrgF+8MscA5yTn6ArGF+UFizOkbG3qOus7KOf8GC1b/DmfyX4ad/4SXPHFJrL9jFbUTGHjbdSaORfPA+UouKus7IXzyegQA/Ozi5zsax9x5j6+Kc7v6ciOGI3/UeqjaWw8aBey+UkFjaw8JrKTKOtyNuVB6imt9G7ljumgS9fsyAgrzSAlZ2dnD12ovLX9zB2no7WFuZQy42Q0zJOJy4cQXDa3Jgy9rU7DyHu3cOo0JiGFh7BXm5ChobO9ZnLc58+QmaJtmxAxhLKCVm8EsuRMudNzFnWjWrL8Sc3bfw6Pt3BnZGXvoSLrb+Evvjfugx8vawjjiOYe2PkTS8zLBOag7ftTdRe+Sg0V9OCCGEkIEaSJD/z3/+g++//x5///vfKcj3aagFea1axG06ifDY7rPvUs9IRG66gOTqKr27r3QE+StfoObQLVQfaEeeNsRzdY6wSV6G+Hm1cPDUtVVUrkb+0mUQy2XaIF9+928YefIGqltuoGjVDL07wRgnsPeB9/LzyJ03BY5OZtBkjUd6wwF4+ftq7yLiNOMocqZ1hC2NK+wm7UFSXY3hGPLEqcjYelk7z4LZVV3lUvdQRGzSLUv13iMISozrGuKjrN+B0n3XdXUt7DUumA+bjjruDirFI36FO02/Q5HP61133RFI5yKz5Q6Gn/gKY699htqW80iqKO9YdxGoXbofR6/dwJkbzLV2bOkZ4ju5VSBy2R4EeHqyaY9B0q521Bz+AuNufYURLZeQOWGCwYFVJ22Q/+g0Mtn/K2ycMHrbIcydPAmR2UuwYcdIJI0sxsTdTVgU7g+ruhXYd+mqblm0ruHgvkUo1v5a4o2skZuwv72z7ijm2Fr1ursQF+RP3ruFMcNSdGUlU7H29GW9aV7HsZNbUc/dhtIxFJnLDrIDBF3dPnZwd+D8Xsx1sWfvVR5Wtp7BwlG66XJ3t5m9swk1JQl683sDDqN+i/da/oiSAdy1hi+ahYx9bcgaP5DhL1aw8FuH3F1HEJ6bbliXNg+5CxdDwrZng3JCCCHkGQ00yP/zn//UBvlvvvmGgrxRQzLI95/h0BrjbYzpOUb+Jy3wZazb+mu0Fb0EV4lesORbwzL2IDLXrjb4VeD5sPfLsxn5B/bB3mg9xxmjDtzB41ubjdT9ACRKxNTOQuuNQ6gt9DDexoScXP6MQzt+gR1Vr0EwSPeRJ4QQQgbDQIfW/Otf/8I//vEPfPvttxTkjaIg/0QU5HUSUn6Htm2/Qn3iqxBrx+gzIjVUCTMQXFoISY/2z44HUfgMRI4cDpl+ucYF/sm5yCstRX5pE848eIC1Cwr0+pkYj2030VlsXmx+Y2dhYettHD4wHtE/9MO/1K9hyZL/xpXpf4albAB3rCGEEEJ+AgYa5DvPyn/33XcU5I2iIP9E0sQ6RFVXQWDwlNSnE0jLETh6PBycjNf/9LyO7JzfYXL6q5B33NFnUDmFIW3MHMxduRILODNrIJP9gBde8oVQVc3QzYuZO28CkqMMn+r6g7B9BTVlLyNT83rfdzcihBBCfqKe5WLXf//739owT0HeGAryhBBCCCFkEDxLkOf+uDPzFOSNoSBPCCGEEEIGwbMGee6PgrwxFOQJIYQQQsggoCBvahTkCSGEEELIIKAgb2oU5AkhhBBCyCCgIG9qFOS78M144Bkp78IXwcs1CmdCnRBnrJ4QQgghhPSJgrypDckgr4DYwhoicee/+Qiy9MDJqDiMVem364EFeR/3OFyNcEES92+hFCKlBYTigd2akhBCCCFkKKIgb2pDLchLbaFyXYv8E3cQEScFn8eDk8ISha5BuBifgoWOFvBVW8BHLoGCr+ujFingw8p8LWyQE5DUHeS98xG+7CQiqyoglcu750EIIYQQQnp51iDf1tZGQd6ooRTkNW6wKmlE0YGzyJlRCb5QAIVQgmlB6WhNy8c7+aW4lpqGA4lpaPJzRZCUDzORElMCU3ArgZUnZeBkRn53kDdzhW3GIuS0XEb8iFGwVCqfPDSHEEIIIWQIoyBvakMkyAsc/eEwuRkFO48hscoFYqn+htXX0BoBAl1jcSUhECMELNT3HFrTQZ1Yg4Sma0ivnwJnFxbmefrTIIQQQgghHArypjYkgrw1rKu2oOzKX1EwIQnKXuPg+wryUiyJykWbmxIKLpz3EeQ5yrrtqLzyN1QtrGEHCUKDOkIIIYQQQkHe9IZEkLeFRWg5Ape3omDjNkTk2Old6Mp5viCvCM1C+OYLyJ65DjHFBXTxKyGEEEKIERTkTW0ojZF3DIPLqMMo3rMbiXVZ4HPDZbQbFg9+Fs44HpOCGXbSro2NG1ozIzQb90IcoeTzoFC6YGNSjkGQ50J8XMMZpEybC3tLS/C7+hJCCCGEEH0U5E1tKAV5jtoHtlE7UXS0DQFhkq5yhVCJUT6xOJOejp2xSdji7Qx/CR9uKi+0srLdccnYFR+DY37RuNAZ5F1jETh3D2JGj4faUkMXuhJCCCGEPAEFeVMbakFeywHmvqFQmXeekefwoBYrEGRpjXAmVCmDSnv7SSE8zS0RxpVpVHAXyeCrEEPF9ZFbQunqA5lapTcdQgghhBBiDAV5UxuSQZ4QQgghhAw2CvKmRkGeEEIIIYQMAgrypkZBnhBCCCGEDIIXKsj/+Y+/h7lSZHKeGnvYiZSDwl6lgZWlJZRK5aDxtFfBTskzSqPiQWViEonxjYkQQgghhAyeFyrIK9nCJLzxhsmlCoVGy38ISTwekvl8o3U/lCe9PjvG2BtPCCGEEEJ+2ijImxgFeUIIIYQQMhgoyJsYBXlCCCGEEDIYKMibGAV5QgghhBAyGCjImxgFeUIIIYQQMhgoyJsYBXlCCCGEEDIYKMibGAV5QgghhBAyGCjImxgFeUIIIYQQMhgoyJsYBXlCCCGEEDIYKMibGAV5QgghhBAyGCjImxgFeUIIIYQQMhgoyJsYBXlCCCGEEDIYKMibGAV5QgghhBAyGCjImxgFeUIIIYQQMhgoyJsYBXlCCCGEEDIYKMibGAV5QgghhBAyGAYS5P/zn//g+++/x9///ncK8n2hIE8IIYQQQgbDQIP8P//5T22Q/+abb0wf5F/+4+9hpRCZnLeFLRxEikHhqLSArUYDC4Vi0HjbKuGg4BmlUfKgNDGx2PjGRAghhBBCBs9Ah9b861//wj/+8Q98++23pg/yf/jzHyCxkJics7UzLCQWg8PcBnJbWwjMzQeNs7M5LCz4g0Yq5RndmAghhBBCyOAZaJDvPCv/3XffUZA3ioI8IYQQQggZBM9yseu///1vbZinIG8MBXmY8fjgS80htbCCRCWHQGikTS+sj1gJsVIGvsBY/XPiiyFUaNjyKNn0+b3reQLwWT23zFILS0jkUvD5nfVvQKl8Deay3tcb8ERSiBTGl5nHk0GlsYQ5WweiHnWmxYOIz+YlZtsBR8TWOa/He8QXQKhUQyjqLBOy16iGWiWGoOt16uNDyFfCvGOaKgFbfwb1cqg76sxFSsh4+nUcCVvfbH4CQY/yvgn5iq5pqtlrMJzfD0MolkCtfY+kbFmNtzE9OcRqNfhG64zjsc+UzNySff5UkEmMtzEpngRykVq3PYnVUPTcnszY50WsgkgqBc+gvG9CvgRKke791W6jbLvtrOOx/5d31nHzY9tb5/rhSZWQmFuw/nwIlOwzyj7D/Z0n97lWaKRQKIVsfkbqe+GBJ+DeHw17bQoIJOZsn6ECX9i5HYuhYOuF+1yYs9cv19/u+W9AJn+dvcY3+nxvBYI32GfuNVipX4dM/JzXLwnVkMhU/V8XA8TtD8UysdE6kYztGzQaqOSCH2z+nWTC7u1CKZD0fh+FCohVep8ntp0IVWwfwvbLfe1DpGzd6fZt3DT1XyMfYkH3fojbTnu9PoFIt28TCw3L+ySASG+aKoFwQJ/9ZyZln19LS6jYd2pXGXutMrUFNFZWjIa99gG+fxL2vrNpWqjlxusHSCJ9HRo1+zyoXgefZ8rr+UQQyM0hlrP3qNd308/PswR57o87M09B3hgK8jCTO8GmYj/Kjr+DqqbNCM127PMLoZsHHAr3I2f7LLgFGqt/Ti4liNjwHuoPNcLR18mwjn3ZC9xT4LvxAUaeuoNhh68ja1IFrKx19ZZWL+Ng0//BwdrXu/rwxDLInX3hNmwhMretRXC6C/vil3RPk1FYTMfJr77F1aOrkKxXbnq2SHJZgCNZp9Ga2YyDUVPhKbfsqpc4+sIuLg+J+64gebgH5OYqVh6BEcsv4szJAgR69pwew3dEqNMy7M04gjP559Hin49Q/QMy+UKcL76E8xnN2BO3EMNUnXUKSDRusHCfjbRdtxCfnsvWX/++8PztZmJb8j4czLmES0mLEGWkjalF5NWg9dPvcPXgaMR7GW9jOhooHL2gcd+FsvabCHZ1h7xrvT2Z0s4Z869/g3feO4TpNcbbmJR6GFYkteJC9mEcytiJeWplRx37rEicoHYvQvCY88icuwgu9ixk9+O6GX/rHCyPb8bxnPO4nrQCvgqbrjql2AZLEq7iSs5RHEzZjJmuSbDvqFONakR1+yOEOznBf9cXGHOsGeYddU8jNw9Bw3sTsWVnOHyM1Pemgsp3JQrOv4f0UdvgPfwaao4dhEekd0d9JmYm7ERLxglcyj2OJVZ6fW1fwZQ5f8C+8pfhLTESSliI94v+E9pa/j+8v+1XqEt+tXebgUg4i7oFR/u9LvqLb+UKjUcA/HZ/jLIVk6G2tekVPJPmbEf7l1/h5GIvqKSGdaYk4IkxL/46ruYew8HUrVjomQ3nznqxBnIH9nkq2I3K0+3wCQiGTMbK7T0Qc+QWzmyZ2ec+pNR/Cw5mtOBc9lnsCCjWq3NBoc86nMo+gRPcvjR8LCyEUl0dC+BiB2/YZtQhfnc7EuuLIWMHeU8Pwq6Ic5mL7RmHcTb/Eo75x8Oz64TKD0c+6Qwef/9XnNgzo7vcJw3DtpzCmXc+xuPv3kFjqC8s9Po8VeVO3Pj2e9y7sNJ4/QAVlv4ap3f9L3yx/7eIcuv+fn1+aQhafgf5CyOhUBur/3l51iDP/VGQN2ZIBnknaAIiYa7pcaZbEwLXSa2oOHoagYmhTzkj9gMHedsE+Izfg6wF02HlbG1Qx5PbwHHqbZTv3AJnV70+HM1rWLH6F3hn4Z+g7Phy5knksMkZi/QDn6P2xOcY2foAFSvXwsHHw6CvVFmGpYeOYcOiUQjWKzc9XZDfGVSDRO6LTK9O7huHxCNfombfJxjd/hGq1zciOCOJ1T0lyHfxR4HvZmw3EuRP52/DCIO2KshsRyFm0VWUXvgMY9s/Q9W+S0geZj2gX1kEdlsHFOTFnpG93tP+8o5Jw/IDJ7Bhfi4CHY23MQ07qL3XIvfgXZSc+waT2t9H4fptCE4y1rY3mcYGNRuPomnPApSlGW9jUlyQj27AKAt2sNFVzmchPg6epWdRful91LZ9hfrjd5A5LQ/WTnp9n8LPbhqaI5b2CvKLIo9ipWOwQVuOrHYHqtreRLCTI7y2fYoxLY1Q9GjTF4nCA5P2FGHSNG84GanvTQ6lzzTktD5Gav0aeA5rQ8XB7XAPczRoJ+SnYXNKjyDPxCb8HmcbfoVxGa9A3iOsCa1eRfGq3+DWvD8hSa/8mf0AQV7g6A+vDTdRvfMRRt3+FnUHjiJ5bD1kPdoFV07BhkOHsHS4I2Q/4M0PuCA/N/octrlEGNZJbaFOX42s3RdRdekLjLvyDkp3HEJAEKvrR5DnCPkqVPodMxrkG33T4K//urhfxCILELnnQ4w4+AFGXfkANbubEJQUP4BfW91R5rcZu336G+StoXIPglKpeKZfPaRFy7H75BEsmVneuz55Krbcu4mdAw3yKdOw6dhJbFs10nj9M3kNS9f9H9yf/wp7T0x0Vt6iHolb30RqWSikg/EL5o+MgrypDbUgb+4H+9hGFB25CP9QwzPSWv7liN51H1nDiqBmO0ahVyycQnyhjsqHV1ohPBJTYKUNUJ1BfiPCytPgzuq80jJgIdf9tMkXhsE+PgUat2RdXUoWbFydn/4TpdwKqtAs7bzcY6KgsOg8s9iJB5FVHOIPv4vscRk96t6A77Dfon3f7zHT9vWOHbYAUpcsJJ/4GDnTd8K/9DBi62qh6upjj6DELGQVFiJHKw9JMYGw7qy3dYVfak5HXSEykvwhFul+thdL5QjP6OxXgOQ4H9hpzyZYwzsyCVH+UUjIyUM21y+DBaquefYV5J0Q3PwV6vbsgr1HEzIbNsKmq64zyE/FsLrO5U2HX1d9pwEEeWk8fCfcQEXTJrjM2Inczbtg7erQXW8mgkIdjZSO156Tkwp3F1u9ep2BBnnL0TdRumUlHH29DOscvRCcEA3/hDSk5BVo55kS46arkyhhFZKCTO2y5CDWw7lHIHJGZJauT05hPusX0s8g2Af1eKSwEFCxsg7iaVdRv3l+jzaWcPZORnrnuslLgQ83LI3VCYShSNKWFyAtNRxuHb8U6bBtIyIVGQW6ftmsny/bRuXqAMSkxcDbRb+tM/yjUhETaAEJey95wUkdr68QmVlx8NU/iDUW5HkKqMKPofLCTcTOmgL/ZScRVZTW3YfjE9W1rrNy0xHirVfXYaBB3iy8BjHT5sFaYwFV1Vqk1lVqy4UqKVwi7RAYbYXAFG/EZnkjLFIJuVzXzyLEWVsWm+GOgMCeQwHY90KQM6K4ek6aHSw7foIX2brDe9xy+MSlwzJ2MkLrMmHloN+37yBvZvY6Mkf8Gm0b/ge5zm8YDO3Q2L2CdZv/G01j/6LXXkdoG82Wh+2jQgvhFpiod/DE9n1KZ1j55GvrOI7soFXIfRa5IL/oJBzcc3X9AlKhsew+oJXYhsKxY5ruobmwUj59mJvVzFaMvHgVbuopSG69hWC9g3ylnQsiMvK7thlu3xbrp2Drgqtn3wsKP8TlddblIt7XHZad07bzR3Smbt/FbcdJsf66cpUlHKPjEZmUgKhM3bQzU4KhUuh+we0zyPuzoLb7XRROz4DLkhMoXl0DkbTjl7+OIH/h8CbUpnVMMy0SNpaG28BAgjyP7S+8m77AsK2H4B29FokrV8DZtrueYxcch/R83evPyklBQK8TAwMN8jHwnXcCyXWT4OTMwnzXEBERlBYBiEpMRWxEItK06zQb0Y62XQe4vvGZ2nWdnZ+DyCD9fXAHo0Fet9+I73wP8zMR7uHYNU2P8ISu/UxipEv3tPqBL1Wwz1I+nAMDITFSXzrtV3hv/csQCQYQ5PnusE3icgKTnAlb9+5lEuQsQsGpuwgPDOgxvEoKsUUMXLT5gpPPvjecIe4K+05sOfPgqc0Yub2/U15QFORNbSgFeacIuI05iuKmnYgfnmF87Ll3KSK33kfO2BKYK8ygnnoSNQePIa3pHJLnbUHG/jvImZLAvrh0Qb7o6Dso3bobaYuOoOz0Y6SXZEEkFECs3oXiq+8jc34rMmftQu6Wa8hetAg29pre8+wig8SrFH7zDyC94QKqjp2Ff3xod/i3S4Z38WiE1R9DxaX3ULx8FIJK6+EVFw6lktWbv4LV636JizV/gX3Xz8ciSJxrkHDsAxSvakHCnJOIHFaht3MKROHEhVi4di2WbW7A6Y++0htaYwev6lVoaDuKnY1rsZi1mTs5Bwq5iK07IWKHT8bxm3ewm5VvOnwcp9v3YmaWF6zMUjBr301cPHkNZ85twopNF3Djg9tYEefeMc++gnw4AvZ9hrq9+xFafRyZ65dD2VWnC/Ltd+/hwsVtWN2wFuc/ehd782P0+nMGEORZSPeedgmle3YjYtlhFG5cBUu9M+VimSUKalvQyF7f4rXNOHDyJtauquz1hTjQIC+QDkPUooso2rEP7pFh3Tvu0unYeOM6Dt++huVbt2HxzQ9x//pahHJ1Sht4sPr5uw/jyOPHODGxGmGd/Rj35FU4+9Zt7Xu0eO1KTB9ZYlA/YPb1SNrDtu01M+G94k1UrRxhUG/jlosFW9rQdGyPbp7LpyHdVqM9eBRJyjF57RZsbn6EG3d2Y7TeWXy7oDpsPnkF6xt3aPstWjENGWZiOPuNwMF7FzF/jP6XeDUWH3wTR1eFwVYdgey9x3Tz2r4LW+5cxo55UXDtbGssyPPlUCY3o/TsHaQvXo74tYcRmqMfsAKRuHYP5m3ciMUbN2Ht3Yc4spkdkHTV6ww4yPdB7WuPEUcqsO1MKqZuzcSMlho0HI9CjI9YewDkUhaBMUszsPLqSKxY42rQ18bPF1N25GL6xnSMXpCK0TP94Gb0WhHj+g7yjPdL2LXtt9id/Cos9X6J6jPIa6LhW3seWdU7kFC2Fmlz7iE6KFH73nMh3iFzI1JGn0Yqq4tnQsI9IeFCJgvyI1c9QPLoNsTX7EHmjHtIzqqClPUTWochoOYo0kY0a6eZOvcD5BVX6J1wME4z6ThGnryOMPbZzmi9AHe9Ohv/SNTMXanbZo6048ZXn+NEx9AavkiBxBH7cfL2JV392qUYlxnf0d8H0bMO4dSNHVjF9jMrNt5F+51DSItlB9UB8Sg9dQuXH7ZjTfMBLD5zHVceHEaVHwtXrG+fQd59OOK33Ufh3IUIX3Mb+bPdIOoM3lyQP3ofDz+6h12Hj2Jx82mcvHUW00eEwaLjII8zsCCvgMfWT1C3+zSiJuxH/JwF3SdnOM4RGM8+R0s2bcLSDRtw7O1H2Ds/Do76bQYc5NnBWHQ5wjbfQNHyOfCO7BjiY2bODt5X4sTDD3Dx6AHsat6Hw9fv4/SycQjoOFjJHDsfSzduRvvHn2H/uqKu6XUxEuSFUnMk125CYwv3/jVib+t1HGmYg2gnC219QtUEzF21Fhc+/haX9w83nN5TiO08EXviW1StWQ07I/UDD/KRcC9tQn7LaSTP2oGcVbeRt3w2LO119RbD1qH44Em4ebvp/ZohYAf/6fAfdwlFew6zfmuZlQjJjICC+743C4JTxmbkHmDZZNYmZCy+y7LIBtganAx5MVGQN7UhEuRFPgnwXtSKgg0NCMuy7T1GVu0Iq6yJiF50EPl7mhCW4K39YuKCfP3pOwjPj4OZiK2v4vMo39sEdxtdkC8+cRJxpYGQy93huvAyaps2QaqQsSDfiNLr7yJrTC77MmKvN3UBsprPISAl0nC+BuSQWcfCMiAQ0tSx7KDhGoKT47uDvFM+gkbORcKmdzHywj1kjJqNqFEzEJiRALU5q4/4M/bt/T22+70Kjd50eUpLWFeuQcaO9zGq/SOUbd7KdhievYYOiZUWmHHpY70gH4eqme24dHEpkkMND0Ak8iJse/QeCz7p2jClcUvE9N1X0dowEnEOXJB/E7furUVdugoSWTTW3/sUx3aO7ujf99AaWdp4xK1/ByMvfYLao2cQlBjb8cuCLshffbgLU8odoJSYIZHN4/GD/YjR6z+woTWWUPuzwLu2FeVn/4Yxp9vZAV4eRFLd2TWJXK49exSibeuAzLotOHt1PfKSrPSmMfAgr91BqxPhP309sneeRHB8nC58ckH+/iOcWjUZTholzFKacPOre1gWoNfXJw0jDrfjSI8gX9J0C++8ewzxemVaah/Yp49HxGj2BacnqjhX+2XvUGZYHj16BvwSgrTbs23GGMTve4TaC3/HqEMH4BvfcVaSiSoagVP3r2F2eXwfQyWs4BtxEGd7BPn4qRvQ9rgdowI9tAGus9zGKxAbL9/Csmll8AwtRkVNNDziR2LV+Ttorg2BtSQRpTVZuvYsLEbMbEPbqXUo7xwiY3RojW49+0zbhNzTf8Wos28jf8E0WLl0BvJI5BRlQyaXwEwgg2PdOVy7cxDjewzdMmWQrz8xHKu2hMLHWwiLnFDMO1eIUWGargNWoUKC/AM1vYJ81OgUbDqXgdQQRcfnYWCeGOTNXsWyZf+Fq1NehoM2IOhY2/8Fjdv+H3bWGY6NVyZsRdbYZXCxMNeGDnXkZRTPPQpntv9Qey9EyowziI4K630mkwvyK99EREgSzCRecEi7hJz6ZbCXucM+pRk5kzbC1cleO02J7ybkr3gHYc49ptGTfx6Ch59D7ZlPMOLGY6SWlEBtrF36HDS+9T6OdwR53b7uI7QdXoGgHm2dY+ei+cYD7BzrDTXbzwjlhZh08x2c3jMZblyQP/cQ1441IDOQBfugSdh07T72VwdAw75T+gzyZt6wSxiNlD3tGHbxe9TvX4OAhI5fhLkgf+wB7l7ej+oYP/bvTEzacxOXjk9BkEf3L7IDGlrDF0GSOA3Js++hjhsy2HIKYZGR3Z85z0RkFcVBIReDJxQjdec93Ly0E6Wd9VoDD/JafjkImncVFbsXIzA1hJVxQX41Tn9wB42rU+Bnb4fsabvQdvMAYsI6fnFkJHIlttztf5AXyeSILCpErPbzqkFM5XJ2ANSKUva50u+79PLnAw7yAoUGTmXTEZCWZnRYnN+o3+L9PX9CZD+DvCbzCIadbIdfUiDMxK6wK7qAsv1b4RvK1TvAdcJBFGyaDCsnhV4/GeRuS5B95iGSR6TrleuoEzaj7NANRBSzzxNfAVX8SZS3trLsYtjuRURB3tSGRJB3gt3w3ai49g0KJiRBaeyCPZdo+Ky5heI1W+CTFASlRleuDfLN+yCWcWcXVFB7tqD45HGEJvQeI6+edAQjmpshVSq0Z+SLzl9BaLiuThJbjeT9txCVl/mUsfccG1gXrEd+8wl4RbMPvn6dQAzFhGuo3r0dVvrljGf+H9B26HdY5fta7y8zsSUs8hYj5+h7GH72TeRv3cPChO5gpbNN7yBvx6a5DDuuXUfToUYsWTcfVfbW2i9omXIbLn5xF6tqO/v7IG/sYbRemIi0SF2QP98SChu2HgViKaac/xCtzbM72vYd5LmhQ0K/KiQc/QL1J2+g6OB5RKSlsp2pkTHyU4/j0WeXMMOg/0CCvI7QtRTRm++j9MB7qD1xBenj68Hn7l4jU8Kubh573eu0Gk9fxJ17R1CU7mPQv3eQt4J50HCET1+H5Fk6EQXu7Iuquw9H5h2DpNbvUde4B17+Lrogf+cylsYFd3xZrcDZr9/Bhiq9fn0EeffkIhx+/CHOsuVcvGIBynM6QrfCFVYxFQgoHYkgPYFpidoLoG0yDMuDSkfAPcyLfWZ00xWHLkb+xS9RtvM+hh08jNCsFG25jVsy5u68jNOtx7GRzXPaKE9YcgeTHcvTV5C3C4rFytZLuLi7CatZv5mjE7TlEhc/VB69gtWbViN/8Rmcv7wKWUtWYOO1S1gV4a89WMidvKzjvdiObQffxvUbWzA8rmPaRoO8Dk/lCdexZ1B6+lNUt9xAwfIlbPmdtXXJtdMwfw03zY1Yt+st3H7nJGZkGfY3aZA/XISRYzqGZ0X5YNKpIkyLsO46GOoryNv4uWNiUymWN+Ri/MI0lJawADaAu1s8Oci/jskzfoH7a/4EFw0LJrw3kFb6O2yZ+Ss0Tfkj4r30L+rzgHvpORTPakFK9TrEl69DUvUDVCy9giBXbzgkXEb+xDVwt9OffgeDMfKusAk4jsxxa+FqmQ6/ohvILC+DZde+uRqxC79CWnznv58kHG7rH2Hi2avIOvI2O+AeAbuOM51degR5vkiM+BHT0Hr3AQ6zbWrhwolI6Bh+kTBjMy7fP4NsH2fdvloih/Peu7jBDhxTuSB/+joOzKmFv3baw7D86H0cWREEK3YQ1HeQ11EEsc/T8XeQs+dj1B3YhPC8KF2QNxgjb42K+XtxpX0bwgPsu/oOKMhrsTzhWouYvW9jBNvn5+04h9jcOKi069gfuWPnY8Fatu1vYNv+1fdx71ozRhr0NxLkeTx2wNu9X0ucMBWuIZ2/tOqJ2Yaqa99j5MFt7HtKF+SP39uPyZW6+shRi3D6xinERXbvSwca5M3ECtjmTcF87T5hHbacOI/bb7ejvCDWoO+zBPmn8vwLKpf+Hmem/QpTM14z3qZLMEJ2f4SJF9/UrbcFjcjaeg6p4+Og1g5FTUPg7GvInpsJc0v9ftwZefa+as/IH0Hy9AXwigzv+AXXB74rb2JM29tIX7AZyXM2I33LLeTMzYDGYBovJgrypjYkgrw5FG6xcJnajIJdJ5E8zBXirqEnHWQaKP3jYOlkOD6vd5A/gKLjRxEU+QxBfu91hGen9eNWXuHwqDmDvA3z4Oiuf4TOQolICq/tn6B6zaJetyqzyvoftB74vfEgzygiCxGzcTciZyxEess7yKrLhEovXPYO8oy5I7zjMpBZUIA5h87iwuHtGGOugkK5HW1f3ce6sZ39w1Ey6QIuXH7eIM/aq20QsONNZM6pQMj6t1CyegEcbYwE+Xmn8fa7x1Fj0H/gQd7MLBshC88jpnQMgtbcwNizrbCQKWBevhzbH9zB/u0FyGKvf9ra7bh8qz9BXg6pfQSckgvgmaLjFGCpdytNEcSWpYhafxR5m/bBPzYe5rYWzxXkOQFJuWw5qzFiwnmcvrYPFbkBMLOKgPuwDchcvQ85erInjQZfrobHdMPynNW7EV2SAFXXnROmIPP8fYQGZyH60KeoXLOk46yeEvYe0UjOY+tmQRMO3jiGtXOcoOh6P40HeY5LUBRSc7l1eght77Rj3ngW5m09EbflPA7fuIiV+07jzLkGjN9zBkcvHUV2sAfiRi9G28dvYzd7H7IKRmDc3Ku41M8gz4Udu6Q9SFmxFcH1G1By8haCk+IQVjEJRx+xEDZ8GHIKSlE1qg1XX9Agz32p2/s5ICLdCzHzcrH5fAGqy59yNy49TwvyM+b8AveW/xnOFtwZxjfgFfwShuf/AfuX/hr1CfpBPh6+VTdROG42/KML4BbCyYeLXwLUCi/YR51F9pgV7IBAf/odnhjkbyG7pgJWXQeDM5G+8ut+BnkzqBa9ieEb2H6i8AoqT51AWHKPNj2CPFcmZp/x8HRue5qMuavacOjYSsSFO+uC/KOLGO7rohsuI1WgrPU9kwR5M5cZyNx3AZ5xJUg8/DXqNs41EuTdUbP4KM6dHo1g787hKc8S5NkBi1MQfNZdRtq0DQib/xClDRPgxPafybVrcfatO2ioG47cohJU7ruL2/0J8ow6qnu/5h6XBI1D9x3HtKJHIWHzW6jYVA33hHj2efwhgrwAKptpWH/rLRw9uFS7fx69vAHn710elCAfnfsHbF/zPyhM/iOSvJ9295rxSDvxMQpmlHWtN7fYaFh0DtG0rUT0+htILEiGXP87S4sbIx8NZ9YnZMpaZK/fy/KGLyuvROzWt1C4eCx8Mjrei4TO6/defM8a5Nva2ijIGzWUxshbuMCycCcKWy4gd1a13r2WzSB1D0PYyqOILy0xGJepH+T5CmsErH4PZVvWw0o+gCBv7g+XCadQumctvCPVXdPuk2UK/OfdQsHS0bC1y4B7fgVkNubaOr64CEmtHyJrVI9bUnKCXsKept9hj/+r3RdtdbGCVeJSJK1bBr+xE5Fx7B2k5adBrjcm1miQ12MxbQcufnkfW+ysoFAEYc87X+H8vnHaMdwO4QVYc+Ye9s2vgL/y+c7IiyyGIaHlEqJqohC8810Uz58NG0nPIJ+MaVc+xq1T03q81mcI8o7DEbf+LAKjJiFkwwOMO3YIUvalYjunDfc+vIB5xayNTxQqW67i4YP+BPknE8grELPlHorXr4eli1P3gd1zBnkdJdse1+PcB29i2bQUmEks2UFsOOxDY+Ggz8cT3P2llX49ykNjYOVs033Q4b8R5ecuwlFVjaTTX6B86ezevyiZj8K68x/j0sEAaLoOAKz6DPLdRqHlo7/hwp4adsDhgdi1Z9H+QTsaFy7ClvkLsPvGR7h1aQuC/exRtPMa3v3sImpZP42DF5af/BS3+hvkFb5wrjuFlOkb4F3eiPKTV+EXF4nMZS2488l1zLa1hESiwOyWT3D/hQ3yejQ+WHZjElYsNnKNTx+eHORfwaoV/43LY/8CB70Deyu7V7Blyy/ROOoVvbZqWGY0o3DeMfhY2/U4KSGF2nsUUmbdRFR0eu8hQH0GeXPYp25FwZyT8Hbz1k5TkXgWNUuvwKmftzt138qC0ixfaMbfwohjRxDYcQKli5Eg380TaTUHceXhSVTlB0JdMB/73voQx1f5wULBvhsUM3D4o8doWuYO8+cN8hmrUNJ4EJZ2s5B+9m+oWTW2d5CPrsLctts4MjodnnrL+ixBXsK+18K3nkDkhAqErHuEstVjYe9kxg4gjuLBoxMIsbeESFyIVfc+x/1+Bvknih6NxKb7yJ9eBju3ztv4/hBBXghrx7249MVtrJmqYfvwEBRsOos3379qkiAv1DgiYOlpZM2ZDicjw7u4MfIfburvGPlqxB/+DGULS4zUMRFjkHLgLhITE7UnSRzG7UJcueEJPI5F+ihkNrXCN4Hb5+QhnB0sla8Zx9bb026V/eKhIG9qQynIcyQshDquQt6Ju4iM7z7boQhMReqZr1E4ZYpBMNQG+favMPzYm8xdVO7ZBwcba/Zl87Qg34iKu3/HaBZuh514B9V7dyIsh+00+3NrKWEAXGtPoPLSR6g7cQtxyamQdhx08CVrUXDpLqKMnakSv4oly/8fHi3/E5zNO3cwCiic1yL36EPUnf0SY69/jlGX7yNz5FhYd9xhp7N/ryAfmoaq5otou3dP5xMWxjenwUsp0D7wxycmBfsffoFbrO7qe/dxet185Jkr2Rf4swZ57k4ptzD8+KcYe/tbjLn4JorXNsBNo2HhURfk7371Pq4/4pbnA9y9vBIuDroDnG4DCPIeSfBfcgHDTn2EsTf+hlFnPsOYI6fgFOCrvX2bhXcE9r/zNzx8j83v4Q2cfedtXLv+/EHeZv4dFK6YDKVljwufnxDkLVx9MaXlGtoevYt7f/073v/4Q9y4dxarYkJga5aOOQcu4cJdbr3cx9U3H6F5N3fXlOd4CEriVGRsv45hZ77CxLt/Q93R91G9eQNUVtwy+yCxqBFHO7eLex/h7rWdSIyy0T6UTLbwICt7gGuP/4oPvvsab757Ewe2jESCdzDKZ+3Bsdud/T7Egzv74GTPDm4FzogoOIU7Xz7A4ikVsCmeiHUPvsLtM6XwdxdAabcG5774CndZv8u37+DmnTu48LQgL1ZCNf4Ehh1/hPrLf8O4K19h1JFriKoohVgqgdxqFvbeYcv+8AEu3b2Lm1dv4NKPFuRVqN1ZhYbz9dj7aCoO3x+DhqN5KK/irsewQMroDKw+W4cGrTHYcywAdj0uun6SJwb5qD9j3+7fYVPYqzDXG67T18WuPJkt7IpPomTOA1TMv4eKebeQO2yhdiwxT6SAbewMpM/9EJVcHZORE6H7pabPIM8+QzJruBXtRf68x9o+VWseIpQF3Cf/ehkHv3knUXH4Hkbe/BfGX7mPqmNXEJ3hAHHPUNsjyMtUtdjc3rkdvoVb929h4ZxhurvPyDWwq2vAsbfu4PL9e2zb+ARnD02CLfcrwzMGeWlSPZK238Sw819g4s2/YsQJ9p2yaxlU1mzb54L88cf44MtP2WeaLc97b+LgjDFIVho+mG8gQZ4vrUbcvnuoPfUYY258g9FX3kbpxlXwDmbfwQK2LZatxLF3PmYHLw/QdvdDtF2/ipvPHeSzELSwFTGZ+bBQifTKnxbkR2HtGbZvu38fj7/7F9794n2cazuE8TUR8Ewvx5rTN9H27id4/I/v8M7jR7h87zimS6VQWgdj+a3P8ehjts4e3cWZh+/izq1LHUG+DLN3XcA5tj4f/f1f+PCvH+LCtbNYPJm7lXHncvVNYOOBgOa/Yfy5dkQVhPeqH9jFrkpI8w5h+OUPMewoywNM+dZNCOj8DpcVI2LpA4w4+y5qWV3VjjXQOMggVNcjgb2HnX1GHGpDzLAq6J5xI4ckpQElp97TZhOuvmrPEURk6s/3xfVCBPkvvvgCly5dwq9/92u8IX4DQpWwVxh/HhTkTcsgyGtJIVJZ6A11YAQiVqZhX/CGT37UBvmWQ1DbO0JqroFE0XmPXN2TXUUKadc9x7VPdFQqWQhkoZgF+aIL1xGZZMn6WbLy/j4xlsM9hVIJMesn5Z4QKex+QJEg5SiqzpyBu9FpvQFZ4R9w+eRvscPxNXZ0z+1keODxuWlFwaPwBNLnL4Qjm6ZILDZ4nRxtkL/wPo7smq4btiMUQ6pm2wj3ZDwtDVSy7ifr8fh8KCz066Qdw31E7GDGHCpt4Ne1lbL13f3Evr6CPHeRsBXM3ZtRcOQYvNj6FncdbLDPmFwNc03n/Cxhru4+EOs2gCDP3nOBwgLS7LnI3n4S3vFxuqdwdjwVlDtYUXBPJ+Xmp7GA2sIcajVblx233+w00CDPZ/M0+sAxdsAjN1dDxg7adK9ZDhWbr5x9QfMEAlan6XrtOhZQirinLoqh0H+fWB8l2y57TX8gRHKI2edBOuYExhzYp9uG5Z3vn4AdkLL3Qn9Z1HIW4js+Zwr2+davY9uGWiVjX3q930MLdeeZJz77PKpYnTlk3MXGIm5dcP3Ye6S9Owv31OGO18/+a65WQ8X6crel1PY3ekaebfsyc0h9k+C3qh0Z40ex7VkNAVtnunqpwXrTTtNcBWmP0GKqIM8T8Nl+QAyJpGM9sfdZqmKfMSFbTrasUpUUKgs95uz7QLvv4mm3F6VenVLZ/7PxnL6D/OsYOfGXuL7qj4iwf8Ngn/Ck20/yROxzIGfbhILD7Te77x3OE0gg6qqzZKFaqKsTche+dz7lls/acU/aZdtNxz6COwjonib7ruiYXt+4zy97f81HI/n0h0jKZv1U7P019gyIDC7I38GOYDfdxYs8th71t0O23UkleuFTJGPru/PzxvZtHbeX1D5kic1DKet8Yis7IGT7OiX3xFj2Ovo8I8+mx32/WE9sRvH29bD2cGOvseMzqn2yq/5+lu0rJbo7GelPY2Bn5Nl3nNoV1pHrkL7nAIKiuH2prPvp3wavz5Lt11TafZvhBcoDDfJiCNnnu/fTsXnsu4/ty8xZoO1YRqGEfZ7ZPIXaE1SGy6LF9rUyqRACsaR3naW57jPO3Stf3f0eqS3YPpp9hrntTfu+GHx3MWy/yN1xzXDZ+mDhAsfVj1HXvBu+Ad3fvzpv6IL8ugHctUbI9lXa7/OOPKBir71rnbLtmO2nOuslio79LNtGReruPlK1OYRiveXnnujM7aMN6jun+WJ6/fXX8Ze//AW//OUvtRmay9ID+TNJkP/+++9x4MABTJs2DRs3bkRjYyOmTpuK2PhYthKlLCyxnbSRYD5QFORNq3eQ7z/DMfLG2xjTc4z88+Eesc0CJ/uwBu/9HDXL5xhp023c1F/gsz2/hzN34VpnubkfnEe1IG7kcIO7hZiJ2Q62Y0fp4tmMK1+9g00LOu4O8oPRBfnG0FHIYduDOff4+85H6rOdszS7BXkbV+rderI/2JchO2BRi6NRGbAVO4wE+TMFOzFOzMI4CwxSvTOPsqypSFqxGvZeRu5f/ARCPlt3YjUsnXYMKMj/lKgnH0PJinFG614o2iC/DRNtguHA3hNF5/bECF1C4LviKCIKog37PIWQz8KzyBxRTnPRErmsd5CPOo51rnEwF6sgZweFTz57/GMRQy5Sw0pagK2pPYI8/w0Ulf8G93b8BpmBRi7Ys3gN8fN+h+sL/oQc1euQifsZWgbdDGQeO2Nw60lufyCSsP1BR1gfs6kFt9+6gEnuDkbvC24quiB/Hrs8krXbhUIgNtgu7MfsQNr0UBYyDfs9jYQdBFnJnFAXeNxokG8KKEA0O6AwF8r0DsbYAa/PFiQvXQLbrrL+YAfq3F1QxMGoDdqKpoEMrfkZECk3oOjSx6hpaoKPn2GdRPI6LNR/wc4d/xvXJ73K9hGG9cS4N954Q3tCMiYmBlOnTtVmZy5Dc1m6paVFm6378/fcQZ6b0ZIlS9Dc3Ix//OMfHaW6P+7fDVsaYO9sb5IwT0HetJ4nyCuHb0bxyhUQSTtuFdZPIuUSpO5ogq+/8fqBSYD/wlZUHr6H6p0NT723MvfkucXLfoGW4f14hHTyVGw6fw0XuZ9079xA44axxtuZlCUi7MdiU/IBHMpgoqbCU254S8cB4zsi1Hk59nHTy9iDdZ7J8NU/Mycdh53p+7Xz2xu3CMP7Ofb2SfztZmF7cjOb5n7sjhjX6zZ2ZBAp8jElcqdue8rYhXnqng9SGzh/61ysiO/cRqfAXdY9FEou0mBiREddSgNmuSbDXq/viyMTsxJ24SBbzv3JmzDRQq/O9hXUT/gjFsW9CgeDPt1c3V/C9o3/C/e2/wr1yYa3oXyxOSGmYBWab3QOnzmD5aF+Rq4dMi0BT4TRYR3bRep2LPLKgYuRdgNVFrCtY5o7sMhT/1aEDkh1m4FtqR3zZPshCxbm9fsOnCviXOZhBzc9ZrNnGJz7/Wvyz1th2a9xtpF9Hhp/j5Hmr7+gB+8vFi7E29jYYMuWLUazM5epuWzdnzD/3EGeOxPPzfBJf1yY587MGwvnA0FB3rSeJ8gTQgghhJCB487EcyH+SX9ctubOzD/t77mCPDeOh/sJoOfRRM8/rp4bZvO8Y+YpyJsWBXlCCCGEkMHDjYnnhtP0JztzGftpY+afK8hzg/K58Tz9+ePGzHMXwBoL6P1FQd60KMgTQgghhAwe7sJWbkx8f/64jM1l7Sf9PVeQP3nypHZoTX/+du/ejdeErxkN6P1FQd60KMgTQgghhAyel156SZuJ+/PHZWwuaz/pj87I94WCPCGEEEIIMaEX6ow8jZE3rR81yLv8BbOm/gp7lv4GMwKf53ZqtrDwmoDA1HxYGXsc+bOy8YFj3TrEDSuAQ3YRwuesg6+XV++nJPbiAfu8+UieNhPmtvUInr4diXXZRtr1VlzxK+xa/F9oGKH/BMenE6it4TV9L7KXNyAsL0v7OHNj7QghhBAytLxQY+S5P7prjen8eEH+ddRO+iXeavwdihJfRoDF8wR5Fpyj9yN91Cy4OBqrf0Zu8fDf+i6q1s+Bz+R5yD//DhLYB8Hg3u9GRcFnxmXUHW+Fnec2ZJ74GrVbphhp15uL20uIDfkfXD3yf7EozXgbY3giCVT+8fCqmIyMA7eQUFjYj1tjEkIIIWQoEAgEaGho6EjJxv8G5a413B/dR950frwg/wrWr/1vtI/5C2xkz/twkx8oyNtEwXvhNeRMmwSbjKnIbLmGkKjwjiemPokUjmN2oqRxB2zcpiD2wGcometipF1f3sCChv+HtmlGHgzzFDyJF1yrD6Nw70H4RHrrylNnI3vxCu2TSnu2J4QQQsjP3wt1H3nuj5sRd9TA/QTAjeehJ7s+mx8vyP8Fm9b9CheHvQJrif7G5gBLr70oXPUJapnKybvg6uapVz8DKYve19bVrniMnKq5kHcF+cvIntiGCm3f6whk7532IRF8BZShx1HWMc3a+W0IidR/kEcfeEIIZGqIpFLwhFKIlGoIhN2PiBZKfLDi1njsY5rOF2H4sM5H3JuBL1FArFSAx5dCqNRALDO8NkAZloPklodIr66GWq+807R1/4Urs57loS98mCfVIaflFkKzk3Vl4kJEbX+E+lPHYS3ueLw5IYQQQoYULsxzZ+a5YTZTpkzp9WTXf/7znx0p+8l/JgnynX/cOB5uUP6vf/dr7YWtzzsmvicK8qbVFeQFf8HmDb/C+Sr9IK+EwnEV0ufcQmR0Avt3ArxyryJv5EjYWgvAE81G2sIvUFLd84mnuiBfvOYL5OSXQiNPhn/9A5SNWQKxRAqJZh/yV9xGVDDXNgBOMadRNOcUfPyCekxnAMTWmN8+DquXWrB/S+AVF481F7NRkGsY2PuiDM9FyqG3kFFjPMiPX/NLXJ3zaj/G43figSeQQaQOhktJMwoPHIVvvL9BG7fl1zHyym34qbgDEv2+hBBCCBkquDHz3AWwv/zlL7UZ+mlj4nv+mTTId/794c9/MBrEnxcFedOSSs3Yf1+FR/Kf0LTh99jg9lp3kBVaQxN/EbljG+Bg6wVzxi5lDfImn4WLRyAs8k6hZuF5FvzlPTbK3kNrVJlHUDW1GRKpAvb1n6JqUgMUne0dihA26iqiY/Ke/aLQikQ0XstGprsGjoxflh+mnSjCiJG2xtsPkLru92jf9j8Y6/QKbNX9GXqkgsp3JfIuf41RJ84htrQQEiPtbDZ8iAlX7iM2tfsR94QQQggZen7zm990pOiB/VGQ78uQCPKvo6ToNzi28zfYkv8yomVvdI85l9jCquQR6le9h+Ip51DQacQ62Nq7w77sAoZPb4ZYLO2xMT4lyNd9gspRyyDoaM9zLkHE2BvPF+Rn5uLQW2OweX8FlnfamYqsHO4MvZH2A+Tg8zLyF/4WZ9b+N6Zn9mesvBxyl3qEzpgFZxdj9WaQuofBf9e7GLbtBFLrq4y2IYQQQsjQQEHe1IbS0BrHl9HIwvyxmFdhye/YqETW0CRfRuHEnXCwtDbY2Diy2P0on30BTo4DOyNvWfQ2quYcgqM5V6eGOnAuUqa2IiS4Pxeu9qEgCWa6HKEAACdISURBVLtuFqEoUGS8/imEGnvYxObC0d9D+ytFz/rp6/8Ltxf/pVd5n/gSiF0S4RKfDEsnq171cr8ExO65j4IVK2HXo44QQgghQw8FeVMb8he7yiC1mIzo2qtIH7EGfvF1Wh4+XpBxYde8CIFVd1E4apyuLm4Y3HwiWRh/cpAXOExD7OhbyKrmprcIseVtSC4dDkuLzvk+C2sUzy/GpmOxyKwI1krJdYaLs7G2vckjCpHS+h1qt6+Cq2/vs/gDvthVagfr+uuob7uDuMokwzrXWEStO42U2bOg1LtYlxBCCCFDFwV5UxvyQZ6jgtyqAv45cxHeISA0CApZR706D34Zs3V12dPhG5oCkZkFlI5FcA+Lg1qlayf2KENgdBGEQhHMeGKIHWoR3DG90KRhsLFz0Jvns+ELrJE9MRYVHYqHecLb03jbngQBWYho/hwjGtfDLaD3rw8DDvJCBeShdQgZNhLOAa6GdT5ZCMgrhFjWc0gSIYQQQoYqCvKmNqSC/KtYufL/4dqUv8BW3nvj+vlSQ+E8EpErWpC99QCic4MgV/Rs8xp2NP9vnB7zeo9yQgghhBDToCBvakMqyL8B/9zf4WLjf+Hgyt9geuDzPhTqp0IKsUUsXNIK4BLqD3mPg5ji8l9h5+Jf4L3jv8aMPi5aJYQQQgh5XhTkTW1IBXlG8RoC/V9CfOjLCLAYKkH+yVzcXkJc6J8R6/8abIzUE0IIIYSYAgV5UxtqQZ4QQgghhPwoXqgg/5vf/gZmPLZgJmauNgePe2rmIJCI2cGDTMbmy8LuIDE3V4HHXudgMbYhEUIIIYSQwfViBXm2MMYW8nmpVCqj5T8EsVgMiURitO6HMpivjxBCCCGEvBgoyJsYBXlCCCGEEDIYBhLk//Of/+D777/H3//+dwryfaEgTwghhBBCBsNAg/w///lPbZD/5ptvKMgbQ0GeEEIIIYQMhoEEee7vX//6F/7xj3/g22+/pSBvDAV5QgghhBAyGAYa5DvPyn/33XcU5I2hIE8IIYQQQgbDQIM89/fvf/9bG+YpyBtBQZ4QQgghhAyGZwny3B93Zp6CvBEU5AkhhBBCyGB41iDP/VGQN4KCPCGEEEIIGQwU5E2MgjwhhBBCCBkMFORNjII8IYQQQggZDBTkTYyCPCGEEEIIGQwU5E2MgjwhhBBCCBkMFORNjII8IYQQQggZDBTkTYyCPCGEEEIIGQwU5E2MgjwhhBBCCBkML1SQf40tjNMbb5icj0xmtPyH4CYQwEMoNFr3Q3nW12fNGNsoCCGEEELIi++FCvJKtjAJLFyaWioL1sbKfwhJPB6S+XyjdT+UZ319QYyxjYIQQgghhLz4KMibGAV5QgghhBAyGCjImxgFeUIIIYQQMhgoyJsYBXlCCCGEEDIYKMibGAV5QgghhBAyGCjImxgFeUIIIYQQMhgoyJsYBXlCCCGEEDIYKMibGAV5QgghhBAyGCjImxgFeUIIIYQQMhgoyJsYBXlCCCGEEDIYKMibGAV5QgghhBAyGCjImxgFeUIIIYQQMhgoyJsYBXlCCCGEEDIYKMibGAV5QgghhBAyGCjImxgFeUIIIYQQMhgoyJsYBXlCCCGEEDIYKMib2E8tyAv6YMYxssEQQgghhJAXAwV5E/spBfknkTPGNhhCCCGEEPJioCBvYhTkCSGEEELIYKAgb2IU5AkhhBBCyGCgIG9iFOQJIYQQQshgoCBvYhTkCSGEEELIYKAgb2IU5AkhhBBCyGCgIG9iFOQJIYQQQshgoCBvYhTkCSGEEELIYKAgb2IU5AkhhBBCyGCgIG9iFOQJIYQQQshgoCBvYhTkCSGEEELIYKAgb2IU5AkhhBBCyGCgIG9iFOQJIYQQQshgoCBvYhTkCSGEEELIYKAgb2IU5AkhhBBCyGCgIG9iFOQJIYQQQshgoCBvYhTkCSGEEELIYHihgvyr//M7OMiEJuevtoKrUDYo3OVqOKvVsJXJBo2/lQKuMjOTUst5kPdBJDK+MRFCCCGEkMHzQgX5P/z5D5BYSEzO2doZFhKLwWFuA7mtLQTm5oPG2dkcFhb8QSOV8oxuTIQQQgghZPBQkDc1CvKEEEIIIWQQUJA3NQryhBBCCCFkEFCQNzUK8ob4wXAfeQzZqyph69JRxuNDJuBD2LNtD6P803DN1x7mfDpwIIQQQgjpiYK8qQ3JIK+GzMYREiMBnx9Rg7gdZxGREQ9RZ7lNJB6l+aNCr50x4wIycMfPAeYCNl0W/oUaB8hUMqNtCSGEEEKGGgrypjbUgryMBW3PDSg4fhNhMRKDjctMpIJt2QIkL5kEJ3f2b54I7ioLBHsk4p3MSMzUWCJYo4G/UgZLbR8eW4dy+Ftw5ZZYGpGLN/11QZ4nNYfj3FvIXzwJ5rbWhvMhhBBCCBmCKMib2lAK8lZesC3fg6L9J5E5pQx8Id9g4xK6ZyJs9SUkVBRBzpWJrDAtJAa7U4vxSWEBLsSnoCk+ARsCXJHE6i3Eakzzj8bhpHRWnoIr2eV4O7DjjLyZBFKbOUjbdgN5K1fD2s0FfL15EUIIIYQMNRTkTW2IBHmBcxCcprWgYPshxJc7QyztuXGpYZU8Fxnb98AnytmwztjQGp4IGa4BOBMRinyVWFtmMLRG204GmWMpotYcRNbaHfDw9oZYfxqEEEIIIUMIBXlTGxJB3hY21dtQ1v5XFExIglLVe8Pia8LhO/kS0meNhblFj3pjQV6oQqV/OE74OSO6o6x3kNdRRuQj4+zfUb1mNZycrAzqCCGEEEKGCgrypjYkgrwNzIMK4bfkBAoaGhFV4ACRRH/DkkMRPAFJe44jIsdTr7zDMwd5KaR2OQhdvBtZGw8hoiAfGkfL7mkQQgghhAwhFORNbSiNkbcPgtOIFhTvbUbK6DzwBR1j5FWusB/XitxVi2FrY7jBaan9cTc3EYvEemU8OUq8I3EhzAfprNzX3BX7korxqGuMvBBiTRkiV1xB3rpNcPD1hkB/moQQQgghQwwFeVMbSkGeo/KAdeg2FB69gqAI3V1rRE6BCN1xD6mjCo2Hbb4M80KzcT85FXsTErEp0A3JZnzYaNyxMjod51n56egwNERk4bafnTbI8yQq2E+9gJxls2Ht4th7moQQQgghQwwFeVMbakFeyxYqD38oVaxczJaleDfytu6Gm0bZo103DQvmgRYaxgK+Sik0XDlfBBu5WleulMFeqoS3RKg7GOALIHbyhdpabXR6hBBCCCFDDQV5UxuSQV4fH3y5NWQsoNPQF0IIIYSQHw4FeVMb8kGeEEIIIYQMBgrypkZBnhBCCCGEDAIK8qZGQZ4QQgghhAwCCvKmRkGeEEIIIYQMAgrypkZBnhBCCCGEDAIK8qZGQZ4QQgghhAwCCvKmRkEeZmINVDHjETVpKSIrMmHlaKRNL5ZQ+1fApygJGjtj9c/LE3ZxI+Ds4wNxV1kGaudOR36ofrsflsgrFt4jFiJ+0gy4OjnRLToJIYQQ8swoyJsaBXmYCZWQeWfBq3opkjacQe7icbD1sDPetosHHAr3I2f7LLgFGqt/Vo6wDJmO+EWtqDjyEWoazyCh3A9yFVe3FK1fvofNNT37/HAE9j5wSClH6MpjyFvTjNBYewiExtsSQgghhDwJBXlTG5JBvgThC3ciMExsWC7WQJE9Hxkt1xGflQqpfl0vP0SQt4GF/1pkbb+E5B2tyN17HQmjJ8LexxJCMVc/+EG+k8DBD0Hr2lGzaSlkKjkrE0FiORkRU6bAykh7QgghhJCeKMib2lAL8t6jkLD2IYbtWQ9zS5HBxqXlXoyITfeRN7UMGnMzKCrXIG36CHguvYDKfe0o3dKIkBSubWeQP43s9ftQxOoq9x2Gn709+Gw6QsUcxG9qgn/hLl1d01FE5GXpDZMxQuEFx5HtKG/aCq+6cYhasQueUb56bViQ/+oTtDRswaH2dpy61Iq1U6vgqz+NhMlI27wPvjY24OmXMyLveAQt3Y/w7PQnL0cfLCYdQu3pC7DXWLB/8yC0jkbwnndRsmQ+XNyM9yGEEEII6URB3tSGUpBPmIL05o9QsSYTVi7qXhuXVnAlYvbcR0ZpIZR8M6innkTdlS9QvW0RVO7BcFn9Jqo2LIVtR5CvuPpXlC4ZB5fAasRsf8SmPR1imRhidSPK7/0NVVv2wNMuDp41h1Cw9wC8Ir2Nz5fDs4NV0g6UtH+O6hNvo3xHEzwivPTaLMWZv32Htx6ewTynYKSV7sTZe+cwvjy0u03+OpRfuI9wJyftAUV3XzOIQ/MQ1/IWkodVQNKjrj8cZ51A/aEjUFp0rDu+AELfVPhtfIRhO5fAO6J3H0IIIYSQThTkTW1IBHk+5HlzkHv6MxRMzoS5xsiYeedIeK99iHHX/oqabVPh6i/QlnNBvn7/AcjNlezfKqh9WlB4+CD8AnRBPnfnPHiEcm35MJ98DCP27YNUqdAG+aLzVxEWLQbPjAdp3DCk7L6M4Iyk7nkawxdBHleNxKPfYNLd7zFy/w44BbqxkM8tMze05n1sHSGBkLW1D0vB+luPcGDeSAQIJBBIpBCWbELFhQeI9PSCmP1bIBLBrKNOHl2ChIOPkFo3HAquTszqeEaWoQebyqUoPvMFxl2/j0hfX+28u+t54NnHw2fePYw4fgz+SUF6dYQQQggh3SjIm9qQCPL+cKluQsmFj1EwoxQ2jiLwegZYx1B4zNiHyIJMg3JtkG/eB7FMyv7NgrxnC0rOnEJERu8x8upJRzCiubkjyO9iQf4KQsN1dZLYaiQfvIfYwhyI9KZvnB9cKvcjef0lFOx7G+NOnYaduwsrNxwjL/CLQcXpG9g3bzcKhh1H5Zl3UH/5r5h073uMO/8B6k8/RuWqFVAXHdLWjbz4Kcbf+SfGt3+GkezfVZuWwcrFRm++xlkVzUb89GxY2hupZwceAo9sBC66hbq2m0guLISyZxtCCCGEEIaCvKkNpaE10aOQuP1tVKwvh6OfncHZaL5UBZVnEMxtbAxusWgQ5AXmsElqRdH+vfD0GECQFyqgypqGjN0nEZgS1jXtPoni4DPqJOKqRsG1bgcqW6/Aw8sDPIMgL4JrZDm2X7uMWeOSu/uafGiNCjJbX1h5ekIklRjWCUQQBucjaPObqNwwAx7BenWEEEIIIT1QkDe1oXaxq3sVohbcRPW+rbC2677YVRGYitQzX6NwyhRYdrZltEH+2AV4puTCPaMUKS0PkTpyOKRG7lpjGOQbUXL5AVJHpMM1ZzJiVl1C3tJy2Ll3T7sXsRIynwS45s9G8tbbyJxzGKmrL6Ng1WqY21qzNktx+utPcWhVOpLSq1E/+SQOnpyArFi9aZg8yGcheMY9jD59Dk7+PnrlfAg0yfBefx350yfD0Um/DyGEEEJIbxTkTW2oBXmtbAROWQmfgO4gL3b0g9+UDQjNSIdCr602yJ9/jKxlu5CxqAFxdTUdt6W0hkXYaAQNz+56gJQ0bTziR42CSCLRBvmym5+hsmE767cdiWMr4eDRPV2j1A6wqliBjE1nUXXmI1Q2nkLGlGmwdLLvaFOEKZu2YO327VrLV05Atn6I54RUIHL6IrhqNL3uWiN0CYbnmCXwjY3qMc79SQLhlLUQSWw5NA7699YXQmxRh6D6emgM2hNCCCGEGEdB3tSGZJDvP8Mx8sbbGNNzjPxACEKKELn+BIIzYozWE0IIIYT8FFGQNzUK8k/0owR5ex/Yp+bDypkbTmO8DSGEEELITw0FeVOjIP9EIr8UeMbHgy/Q3Y6yv/iiWDinZUJjabyeEEIIIWSooSBvahTkCSGEEELIIKAgb2oU5AkhhBBCyCCgIG9qFOQJIYQQQsggoCBvahTkCSGEEELIIKAgb2oU5GHGE0CgsIHC1hFyjRpCkZE2vbA+Ug2kFkoI+tX+x2AOmbUtRGJjdfpkEFs5QKowVqcjUGggt7GDWCg0rBOIILKwhUQhNywfbDwhBMrO91D1Ar8nhBBCyNBFQd7UKMjDTO4I67ImFB96iIrdWxCW5waJXGK8bZfeT3Z90fDMG1B65Q5CA4zXdxuOxNavkT3CWJ2Ow/hGDLv+HqK8PA0eJiVyDUXozjeRWl9m0H7QKd1hV7UXxYffQsWudQjJcoVYJjbelhBCCCE/CgrypjYkg7wrrELjYWHJNyy3CILL+BMoP3IaQYlhEOjX9fITCPL5J1F7thVORuoMmC9D4eX3EfmE12GZOwUpa3bA28Ee/K5yERReZUg50I6YkkCD9j8ay3C4TTmNiiMn4R8d1LGstjAPjoOFhoZYEUIIIT8mCvKmNtSCPAvrjkl7UHz4HHyDjZx19y9H9M77yBpeDLXEDCLfJLhEBMAirgy+OZXwTsuCjTPXtjPINyC8KgderM43Jx+WCgV4bDp8UTQcU7Ng5Zmpq8sqgJ2H21MODjrI7FjwzIW3dpqVcAuzg0iqq1PHFMMtMgBWibo6z8RomNt09rVh/bLgma2r89vwCKP374BSroZlVDIsHTrbcVzYwUw27D2tIMhpwvAr1+EXVaLt55OeC1sPe9ZGDblbItyyuOkVwNrSUi/EMwJrWCa3ouzYfgTF6ZV3YqHaJU233nwy8mHnZqSNMUIJlOx1eibEQ21upP5pgoYjvukBMiqyodQOK4qA5+Z7KJheDnuPHm0JIYQQMmgoyJvaUAryLjHwmHACJbu3ILYqBXxBjzPyHO9SRG27j+zRJTCX657sWnP4JNJ3tyJhxnqkNt9F7rRUKDqCfNGxd1G6ZSdS5h5AyanHyKzIhUgk0D7ZtfjaB8hecArpUxqQvbEd2UuWwNbRsvc89akdYFm0AimrDiNz4TIkbLyC8t1L4O6iYSHaF+GHv8HIo4eQsuUIkpbuQ+H+44jI8WR93WETtQipDSeRvGADEqYsQ8HZb1G7bg6kLkWI3XUcofF687GoRXzDbSTlR8B86mmMufoIWdsvIWF2AzIPsNc/dRhEVlFwqVmFxLlHWVh/D5k1sZB3HFBoKexhM/U6yrdugEPXwUQHj2T4sOkWrF+HhOkrkdz8CEXzs6DUb9MHnsoanru/wsjDB+H/LL92+NcgbtcDZNXmQCXrKIuqR8L6ByjZMBLuYdz60mtPCCGEkEFBQd7UhkiQF/klw3fpWfz/27vz4KjqBA/g879bjjXOLgHM1en7TOfsHJ2T3Bfpzgk5yGnn5go3KIesQkYFHFQuBUQElCvch6DcKpcirsqgrjij4+zU1iw7O1v7x3dfdzqku/OIgN1dUv1N1acq/Tve773uX6q+7/Uv77Vv2ozihjjIPP8BNNKM2LblqFr7Ltr7dwuhNxNyodwe5Oedvo7ilnKEy4T3q+M8Ju/rR0a8M8ifPIGKrlyo1alIeekiZu/dCpVWLQT53ej5+Fs0zm8UwqsBkfUr0XzgPArqy9zHdWOErnglavedRt3cMuj04VB0rUf3mc9QlJ0FaXgvai/8DxYKJxYZ1izIcybCuvMzTJjeBXn2fNTs+AINS+ZCa7D/42k9qk/+DZ19VmjTV6OuXwjFdZkwdSxBtsUClfU5NB68iuIi+5X7P2DxtW9R2VgjBPxUJK69jq5XVkAbkwZ9bi50uh5Y19yA7cUJ0LlcIZcYk5G6+QY6Vy5zvFdDx1GClOXnHScgWUU6SORKxG28Jbw37yDWrd1dKNQwNi9EYZsN0TEi9XcTnY74jj5UrX8fnf07UGhNdVvPH5E+FaWLr6B7727kVI/0ORAREZEvMMh7W0AEeTMSZu3FtI9vo31JjSMgD5tcKeXIfv1TdK7bgsyqPGidgdUR5A/sh0KtEl7rYcg8jK5T76Fk4vA18oalxzHnwAGodFrHFfnOC5dRUjpQp6wUQvjBz1Bma3ILl25UmUjqvYI5V25iyvZtaHhpG1r2X0LTwqWIMeiFNsvRcvEvaJlRIvyuFUL/c6jtP47S5iqYeneh6+hJZJbkOJb2hGdsweQr36I0Swd9xlto3HkSRRMXoHTnFUxcuhjjnlqLtr2HkJK9FrVH/oqZ27qhEPpJYtKRueUG2p5/Zmg/s55G7Z4vUCOczKhkzjKBLDYVxXv+HU2Le+6UOSQsQt3eHzH/1FE0vyocx+q38eSxayivsHoEfi/LqEXBpk/R9upGZFZkQWPwbKOEJukApn/+35j+5mswJXjWExERkS8xyHtbQAR5AzQpFiQt7Uf7nnOon5MuBHOPyaWKhDbLiqjEeLfy4UH+EDpOHEeh9QGCfP8nKG2ZNBC0xcTmIfWV6+jZsh051U1Ic6hFlNE4sDa94SDmXv0ceUZ7+0TElh/Ek3u2IqugEOnzT6F9x3NIHKd2bMvUdxlPXfoI8Y597kfziWuwznoF5RtWwPLSIbTsOoOWl+YgqnID2s58hYpio9BPDmXSPEw4fBkTp5jv7JfStgptBz5AVmG+yxp5KZSmOag9fg0TJsfeaeswcSVsRz9D9bS5SHceh9ligdq1jS9ooqHLtsJoihOtl5auRtPWP6Bj88tILi6EdoTbbRIREZH3Mch7WyCtkTckwmjbgY4jl9G+cjakMumdiaXKsMCy6TQmTp0Cg7PMzjXIS7WxKNj0J0x5axOi1fcR5I0FSF16FpP7X0eWRXdn28MYs2Huu4buN9cgOWl4vW7Fx1h4eC+U9teaNCTMvgDb+jVIUA4E+e59W5Cca4J26gb0fPB3LL10DlHOk4+pn/6I1pUvIunJ2ag5/FcsPn0Z+fVWSDu3o/fMRaRGGoQxNNCm7ILtxEkUWobGjeldj8kHzyE5Lxu6Gctg1ti/HVBCk7gTnecvorJdaJdWjewlG5FVUYrw4j40HfkKtT35UPzkPeyHk2iMSFp5Bp2bNiKvQryNGHVOFco2n0J1Zwf0nvVFv0frsT+h7YUiRMbbT1o86omIiMjnGOS9LZCCvJ3CCHX8Otjev4Gyifar7APl2oJ61J/9GzqefRbRg20FjiB/9b8w9/Q3gpuYvrcfpigjJCK3n3QP8rsx9Yt/YOEHX2PO2e8xY//bKGmKHL4235VEDpWlB1VH/oynzgv9TtldhKWkxBHe0zZ/g5lbnh1oG5MF85praFvRB224HLLaPjQe/R4LLtzCvMPvInf3D1h0aDci5MJnPPkS5l75GnXzWxFRMgWVB37AtLWLEJ+ogG7xUcw5dBhavXCCIdPB0HUO3Xt2w+zyQCXppOfR+u5fsOD8d5j2zlroDVqhXAJF3HhUv/8PLLoo7Ofpz1C/eDH09m8u5AbEPnsU08/eEt4z+zF8hem7diLJub2fpIlG3LpbePbqLTQ+7bFsZwS6Uhsaz/0n2hY+DaNbXQvG77mJusnpUOtcy4mIiMifGOS9LdCCvIMcUpUaEVKXsgj7k1o1kMrlLu2cQf7QIWijYyBXayBTDj5kSAKJVAmpUg5JhLO9XCnUD9zS0h7kOz+4CkuVVuindfSLGGw3EmE/IpQaR58BGqHfwN11JAq1cCLgfLKqRBhfeH1nfyNkwr44+6mUA22d+xIuU0FmP177NxCO7dv7ySCRCHUu+zzYViq8dlv+EyG8X85tDx2/QNiHCNXQfkpdn/oqE7YrvJ+DxyFTqe6+pMiNsH86E2LmfYxZZ96DtcXjSbIjGfwMPZ8+a9+mcMxunzcRERH5HYO8twVkkL937mvkxduI8VwjT/coYhomHP8Osw6/h7IWkXoiIiJ6aDHIexuD/Ii00zeh/ZWXIXe9an0PZNpVqN36DrJzxOuJiIiIAg2DvLcxyBMRERGRH/yigvxv/uU3kOqkXpcUlQSdVOcXel00lDExCNNq/SYxSQ+dLtR/DHLIVXKERoT6TXBwsF9pVcFIjBku3ije/udKiBYfr6ogCFPq/hmxkWNE+xEREVHgevTRR50p+v5/vB7kf/34rxGiCPG6eH08FCEKv1ApdYgwGDBGLvebuHg1FIrRfhOboENkQqToe+0ro0aN8qs00yhYc0YjJ2Wsm7oS8fY/V6N11LCx7Hb0/RPw0a9Qnf+YaD8iIiIKXI888ogzRd//D4O8CAZ53xCbvL5kD/JJscFuX19JwsN8FuQnlY5yG2vQmgXCmTaDPBEREYlgkPcyBnnfEJu8vsQgT0RERL90DPJexiDvG2KT90FYjOlYbTIiJni0aP2g+wryKRORtWg1EtNTMMazbiQhOjxXkIHZwWPRyCBPRERE94lB3ssY5H1DbPK6CYnEy6U5eCbkCYwWq3fqNJfhUrYZ6aFjROsH3XuQN8HYuQuNW5fBlB6BIGf5jIyJeCs23KOth/B4HGssx5awYDQxyBMREdF9YpD3MgZ533CbuOocJCzoR1l3F+SDZS6h+H6CvHr5GTQsahrWzjPI65ccRu/GV4cHeUMNclacRklnI8KeGCpfWdyDq2aZe1tPbkE+BOr49ajZsAEmBnkiIiK6BwzyXsYg7xuDEzYoOhdJ677ErH2vI7P0CQSNkmNJ4QR82j4VP/b04of2ybjZ1oPr9RVYFia0HzUWZdGZONs0UP5dZy9uFQ8F+bGyLei68md0rvhXjB4zdJV+IMiHQCKVIXXFKcy+fAPFsdEeQT4IyglzULPjKFJL0x1lldHF+LCxC993z8R/dE5xjHmzqQHrk1WO+tHSOPRZmvGVvdyxz7V40xHkgyAV9jNn9w+YsXM7snKlkEgY5ImIiOjuGOS9jEHeN0YFBSHUXIzcPd9j6sZXkZjkMZlFr8gHIUMTh3etE7A0ZuDq+PClNWMQon4KNSe+RsdrG6CVSh3900yhSM9oxfjXrmPme6dgNsUhwnNpjbEMmb+/hIkzpg99M+AkdkX+iRANFuaX4WRGHPLGCmViS2tis2B++TpmHdqJ8c1ReO2ZxxnkiYiISBSDvJcxyPvGGGkGrKf+FzPf3o5okYksGuTHhKEsOR/nilNR7yy72xr50PgslL/3d0zdsAEx8nCkpdrQ/c7XWHT6NEyZaY6Q7b5GPgSSgumo2HEG+TXj3bZlJxbkiwwpOJE/Ht2q4IEysSBvF2PFuBdvYP6Fj3D6ZAaDPBEREYlikPcyBnnfGCtZgqq3T8O28ziyM1IhkXhM5gcO8kEYHRyPqIZe1Bz8Bm0vr0NKSSrSyhrQtv4sZh76AIXtNuFzVbgH+dA0xHWdQdPaPhgNzjIXDxzkFVqorPNQtv4Sph7aj2PHChnkiYiISBSDvJcxyPuGfbKOlukQtaQfTW+fQHlHLuQal8kcHI0DDbXoV4UO3QIyKBQWUz4uWLJhe2IUVKFyLM+rw/U8lyA/2oy41j2wHb2Iks4nEersO7BGPgPJPathO3YVldN6ESWXOYN8MIITbcjfehZVUyoRPDieiyW57fg8V+/27UGONglHiixYrJdAImwjOzYXHz1ZNRTk5Wqoap5G+fZP0L5qFpLGcY08ERER3R2DvJcxyPvGnUkrN0LTvRkNW/ehuCkTIXcmcwTa82rxSUk2ZqWmY1piLIrHjkGcOhmbLBPwTk46Vo3Lx77yFlzPTboT5CUV29Dafxh5dZVDYwhc71pjbFyImsNfoLm9ZSDIP2GAtm4PGre9geTEoT6ucrTZ+KS+CptS0jEjKRGVwgmGNkyDF3IseLeoEM+l5GJXfgW+bK/GG44gPxaymB4UvvkR6qdPQWwc71pDREREI2OQ9zIGed9wm7jhRqjHd8GUk33nCvpAeSSmpWRiQfo4zEk2wWq/HeTYMKQYkoWyLCxIjEa1PgY2jQKasUGOPpLKmUizDNxxxpXn7SeVlb0Yb2tyBPmx2mSkv3INdc/MgMSj35BgtCQJY9rHTTGjVh0mlI1GstIo7KO9PA0dCg06k4R9Ek44GoQgL9e1IKO1FTrnmAzyRERENBIGeS9jkPcNscnrS55B3m5wjfwYiQK6smZEJhlF+z6ISXwgFBEREd0nBnkvY5D3DbHJ60sjBXmx9j8XgzwRERHdLwZ5L2OQ9w2xyetLDPJERET0S8cg72UM8r4hNnl9yR7k64VwXVMc5MZXQb7JOnwsu/2rhD9QBnkiIiIS8YsK8o8HPQ5FpBCIvcwcY0akItI/ImOhjotzhHl/STbbx5X4jVotQbgkHGHhYf4T5l8SSRhk0uGkEeLtfy6xsezUylDoNSHCuKGi/YiIiChwPfbYY84Uff8/Xg/yvw36LZRGpdeZY80wKo3+ERkHTXw8pJGRfmMWgrzRGOE3KpUQ5EWWgRARERGR/zDIexuDPBERERH5AYO8tzHIe9BClVCImHEmKFRi9URERET0IBjkvY1B3p1xAvJeOI+GFyYjKtZZpoxCS7wBZs+2RERERHTPGOS9LSCD/Hik2GYhMUXqUR4OZfVcVL+1BwXVWZAOlsdZ8fWkPEx1afeTZEroa6YjtShdvJ6IiIgowDDIe1ugBXlTHbJ738eUw0eROk7hNrnCdWlIeWoH6voWIj5GeC0zoCcjF8vLWvG9rQH9+cXoyy/AotR4FAntzboY9JoS0RKTiFmZBUJdMRZECZ+hROgr1yNuyofo2vUOsipK3cchIiIiCkAM8t4WSEE+14ai1ZfRs+NFFDQUQRLhfqVeVdCGiq0foKy9Hgp7mVSDmsRUTC1qwB9ba/BGWiampaWjwxSFDKG+0pSNczVt+LjSit9l52BdaTM+t2agUWbfrgwyXSsKFh1He/9J5E+qgdxlLCIiIqJAwyDvbQES5JXWHli2XUP7K33IHG+AVOY5uZJgatiO5m1vICPP4F53l6U19iB/YdKTOJmbjHx5BOIM2fiwqRzrFDJnGyHM6/OQPmclmvZdQnlTI7Qe2yAiIiIKFAzy3hYQQX4czPOOoPfT22hfUgOdfvjEkqVUonj9J6h9egYUSo/6EYL8aUs55kcpB67gRyiRbdQjTeJ+pV9naUPjuf/DvP69yOCaeSIiIgpQDPLeFhBBXgm5IQH66VvQcfQm2pblQqV1nVhGRI5fg4b9+1Bcp3UpdxohyJ8qtmBypNytfIgeuqzfofH4v6Fl1WrEJyRArvJYl09EREQUIBjkvS2Q1sjLlJCVr4Xt+B8x480+yBTOu9bEZCHl1U/QtnI5dFL3CeegycS1tmZs10ogldiFQyKUjxzklVCbX0Tze9+iddliYSwGeCIiIgpsDPLeFkhB/o7FqNt3DRW1KuF3oT5rAqr2Xkdld5VHuyHdaXX40tYjaMf5ilx0CWWWuAzszS+CTT+4Jn6IRG1A8poPUTevaVgdERERUSBikPe2gAzyLhRGGNreRv0LzyNWrJ6IiIiIvIJB3tsCPcgTERERkV8wyHsbgzwRERER+QGDvLcxyBMRERGRHwREkNdr9FBKhd/9QamBTKOBRKn0G73ePm6438iGPfyJiIiIiPwtIIK82IETERERET3MGOSJiIiIiB5CDPJERERERA+hnxXkt2/fDiIiIiIierj86vbt2yAiIiIioocLgzwRERER0UOIQZ6IiIiI6CHEIE9ERERE9BBikCciIiIieujcxv8Ds2gpSb44bTgAAAAASUVORK5CYII=\" data-filename=\"pertanyaan ke facebook.png\" style=\"width: 50%;\"></p><div style=\"margin: 0px; padding: 0px; border: 0px; font-variant-numeric: inherit; font-variant-east-asian: inherit; font-stretch: inherit; font-size: 16px; line-height: inherit; font-family: &quot;Open Sans&quot;; vertical-align: baseline; color: rgb(39, 39, 39);\"><div id=\"highlighter_496160\" class=\"syntaxhighlighter  html\" style=\"padding: 0px; border: 0px; font-style: inherit; font-variant: inherit; font-weight: inherit; font-stretch: inherit; line-height: inherit; font-family: inherit; vertical-align: baseline; width: 729.859px; margin: 1em 0px !important; font-size: 1em !important; position: relative !important; overflow: auto hidden !important;\"><table border=\"0\" cellpadding=\"0\" cellspacing=\"0\" style=\"font-variant: inherit; font-stretch: inherit; border-spacing: 0px; width: 729px; box-sizing: content-box !important; margin: 0px !important; padding: 0px !important; border: 0px !important; font-size: 1em !important; line-height: 1.1em !important; font-family: Monaco, Consolas, &quot;Bitstream Vera Sans Mono&quot;, &quot;Courier New&quot;, Courier, monospace !important; vertical-align: baseline !important; border-radius: 0px !important; background: none !important; bottom: auto !important; float: none !important; height: auto !important; left: auto !important; outline: 0px !important; overflow: visible !important; position: static !important; right: auto !important; top: auto !important; direction: ltr !important; box-shadow: none !important; table-layout: auto !important;\"><tbody style=\"font-variant: inherit; font-stretch: inherit; box-sizing: content-box !important; margin: 0px !important; padding: 0px !important; border: 0px !important; font-size: 1em !important; line-height: 1.1em !important; vertical-align: baseline !important; border-radius: 0px !important; background: none !important; bottom: auto !important; float: none !important; height: auto !important; left: auto !important; outline: 0px !important; overflow: visible !important; position: static !important; right: auto !important; top: auto !important; width: auto !important; direction: ltr !important; box-shadow: none !important;\"><tr style=\"font-variant: inherit; font-stretch: inherit; box-sizing: content-box !important; margin: 0px !important; padding: 0px !important; border: 0px !important; font-size: 1em !important; line-height: 1.1em !important; vertical-align: baseline !important; border-radius: 0px !important; background: none !important; bottom: auto !important; float: none !important; height: auto !important; left: auto !important; outline: 0px !important; overflow: visible !important; position: static !important; right: auto !important; top: auto !important; width: auto !important; direction: ltr !important; box-shadow: none !important;\"><td class=\"code\" style=\"font-variant: inherit; font-stretch: inherit; width: 684px; box-sizing: content-box !important; margin: 0px !important; padding: 0px !important; border: 0px !important; font-size: 1em !important; line-height: 1.1em !important; vertical-align: baseline !important; border-radius: 0px !important; background: none !important; bottom: auto !important; float: none !important; height: auto !important; left: auto !important; outline: 0px !important; overflow: visible !important; position: static !important; right: auto !important; top: auto !important; direction: ltr !important; box-shadow: none !important;\"><div class=\"container\" style=\"font-variant: inherit; font-stretch: inherit; max-width: 1170px; min-width: 240px; box-sizing: content-box !important; margin: 0px !important; padding: 0px !important; border: 0px !important; font-size: 1em !important; line-height: 1.1em !important; vertical-align: baseline !important; width: auto !important; position: relative !important; border-radius: 0px !important; background: none !important; bottom: auto !important; float: none !important; height: auto !important; left: auto !important; outline: 0px !important; overflow: visible !important; right: auto !important; top: auto !important; direction: ltr !important; box-shadow: none !important;\"><h6 style=\"font-variant: inherit; font-stretch: inherit; box-sizing: content-box !important; margin: 0px !important; padding: 0px 1em !important; border: 0px !important; font-size: 1em !important; line-height: 1.1em !important; vertical-align: baseline !important; border-radius: 0px !important; background-image: none !important; background-position: initial !important; background-size: initial !important; background-repeat: initial !important; background-attachment: initial !important; background-origin: initial !important; background-clip: initial !important; bottom: auto !important; float: none !important; height: auto !important; left: auto !important; outline: 0px !important; overflow: visible !important; position: static !important; right: auto !important; top: auto !important; width: auto !important; direction: ltr !important; box-shadow: none !important; white-space: pre !important;\"><code class=\"html plain\" style=\"word-break: break-word; font-variant: inherit; font-stretch: inherit; box-sizing: content-box !important; font-family: Monaco, Consolas, &quot;Bitstream Vera Sans Mono&quot;, &quot;Courier New&quot;, Courier, monospace !important; font-size: 1em !important; color: black !important; margin: 0px !important; padding: 0px !important; border: 0px !important; line-height: 1.1em !important; vertical-align: baseline !important; border-radius: 0px !important; background: none !important; bottom: auto !important; float: none !important; height: auto !important; left: auto !important; outline: 0px !important; overflow: visible !important; position: static !important; right: auto !important; top: auto !important; width: auto !important; direction: ltr !important; box-shadow: none !important; display: inline !important;\">&lt;!</code><code class=\"html keyword\" style=\"word-break: break-word; font-variant: inherit; font-stretch: inherit; box-sizing: content-box !important; font-family: Monaco, Consolas, &quot;Bitstream Vera Sans Mono&quot;, &quot;Courier New&quot;, Courier, monospace !important; font-size: 1em !important; color: rgb(0, 102, 153) !important; margin: 0px !important; padding: 0px !important; border: 0px !important; font-weight: bold !important; line-height: 1.1em !important; vertical-align: baseline !important; border-radius: 0px !important; background: none !important; bottom: auto !important; float: none !important; height: auto !important; left: auto !important; outline: 0px !important; overflow: visible !important; position: static !important; right: auto !important; top: auto !important; width: auto !important; direction: ltr !important; box-shadow: none !important; display: inline !important;\">DOCTYPE</code> <code class=\"html plain\" style=\"word-break: break-word; font-variant: inherit; font-stretch: inherit; box-sizing: content-box !important; font-family: Monaco, Consolas, &quot;Bitstream Vera Sans Mono&quot;, &quot;Courier New&quot;, Courier, monospace !important; font-size: 1em !important; color: black !important; margin: 0px !important; padding: 0px !important; border: 0px !important; line-height: 1.1em !important; vertical-align: baseline !important; border-radius: 0px !important; background: none !important; bottom: auto !important; float: none !important; height: auto !important; left: auto !important; outline: 0px !important; overflow: visible !important; position: static !important; right: auto !important; top: auto !important; width: auto !important; direction: ltr !important; box-shadow: none !important; display: inline !important;\">html&gt;<br></code><code class=\"html plain\" style=\"word-break: break-word; font-variant: inherit; font-stretch: inherit; box-sizing: content-box !important; font-family: Monaco, Consolas, &quot;Bitstream Vera Sans Mono&quot;, &quot;Courier New&quot;, Courier, monospace !important; font-size: 1em !important; color: black !important; margin: 0px !important; padding: 0px !important; border: 0px !important; line-height: 1.1em !important; vertical-align: baseline !important; border-radius: 0px !important; background: none !important; bottom: auto !important; float: none !important; height: auto !important; left: auto !important; outline: 0px !important; overflow: visible !important; position: static !important; right: auto !important; top: auto !important; width: auto !important; direction: ltr !important; box-shadow: none !important; display: inline !important;\">&lt;</code><code class=\"html keyword\" style=\"word-break: break-word; font-variant: inherit; font-stretch: inherit; box-sizing: content-box !important; font-family: Monaco, Consolas, &quot;Bitstream Vera Sans Mono&quot;, &quot;Courier New&quot;, Courier, monospace !important; font-size: 1em !important; color: rgb(0, 102, 153) !important; margin: 0px !important; padding: 0px !important; border: 0px !important; font-weight: bold !important; line-height: 1.1em !important; vertical-align: baseline !important; border-radius: 0px !important; background: none !important; bottom: auto !important; float: none !important; height: auto !important; left: auto !important; outline: 0px !important; overflow: visible !important; position: static !important; right: auto !important; top: auto !important; width: auto !important; direction: ltr !important; box-shadow: none !important; display: inline !important;\">html</code><code class=\"html plain\" style=\"word-break: break-word; font-variant: inherit; font-stretch: inherit; box-sizing: content-box !important; font-family: Monaco, Consolas, &quot;Bitstream Vera Sans Mono&quot;, &quot;Courier New&quot;, Courier, monospace !important; font-size: 1em !important; color: black !important; margin: 0px !important; padding: 0px !important; border: 0px !important; line-height: 1.1em !important; vertical-align: baseline !important; border-radius: 0px !important; background: none !important; bottom: auto !important; float: none !important; height: auto !important; left: auto !important; outline: 0px !important; overflow: visible !important; position: static !important; right: auto !important; top: auto !important; width: auto !important; direction: ltr !important; box-shadow: none !important; display: inline !important;\">&gt;<br></code><code class=\"html plain\" style=\"word-break: break-word; font-variant: inherit; font-stretch: inherit; box-sizing: content-box !important; font-family: Monaco, Consolas, &quot;Bitstream Vera Sans Mono&quot;, &quot;Courier New&quot;, Courier, monospace !important; font-size: 1em !important; color: black !important; margin: 0px !important; padding: 0px !important; border: 0px !important; line-height: 1.1em !important; vertical-align: baseline !important; border-radius: 0px !important; background: none !important; bottom: auto !important; float: none !important; height: auto !important; left: auto !important; outline: 0px !important; overflow: visible !important; position: static !important; right: auto !important; top: auto !important; width: auto !important; direction: ltr !important; box-shadow: none !important; display: inline !important;\">&lt;</code><code class=\"html keyword\" style=\"word-break: break-word; font-variant: inherit; font-stretch: inherit; box-sizing: content-box !important; font-family: Monaco, Consolas, &quot;Bitstream Vera Sans Mono&quot;, &quot;Courier New&quot;, Courier, monospace !important; font-size: 1em !important; color: rgb(0, 102, 153) !important; margin: 0px !important; padding: 0px !important; border: 0px !important; font-weight: bold !important; line-height: 1.1em !important; vertical-align: baseline !important; border-radius: 0px !important; background: none !important; bottom: auto !important; float: none !important; height: auto !important; left: auto !important; outline: 0px !important; overflow: visible !important; position: static !important; right: auto !important; top: auto !important; width: auto !important; direction: ltr !important; box-shadow: none !important; display: inline !important;\">head</code><code class=\"html plain\" style=\"word-break: break-word; font-variant: inherit; font-stretch: inherit; box-sizing: content-box !important; font-family: Monaco, Consolas, &quot;Bitstream Vera Sans Mono&quot;, &quot;Courier New&quot;, Courier, monospace !important; font-size: 1em !important; color: black !important; margin: 0px !important; padding: 0px !important; border: 0px !important; line-height: 1.1em !important; vertical-align: baseline !important; border-radius: 0px !important; background: none !important; bottom: auto !important; float: none !important; height: auto !important; left: auto !important; outline: 0px !important; overflow: visible !important; position: static !important; right: auto !important; top: auto !important; width: auto !important; direction: ltr !important; box-shadow: none !important; display: inline !important;\">&gt;<br></code><code class=\"html plain\" style=\"word-break: break-word; font-variant: inherit; font-stretch: inherit; box-sizing: content-box !important; font-family: Monaco, Consolas, &quot;Bitstream Vera Sans Mono&quot;, &quot;Courier New&quot;, Courier, monospace !important; font-size: 1em !important; color: black !important; margin: 0px !important; padding: 0px !important; border: 0px !important; line-height: 1.1em !important; vertical-align: baseline !important; border-radius: 0px !important; background: none !important; bottom: auto !important; float: none !important; height: auto !important; left: auto !important; outline: 0px !important; overflow: visible !important; position: static !important; right: auto !important; top: auto !important; width: auto !important; direction: ltr !important; box-shadow: none !important; display: inline !important;\">&lt;</code><code class=\"html keyword\" style=\"word-break: break-word; font-variant: inherit; font-stretch: inherit; box-sizing: content-box !important; font-family: Monaco, Consolas, &quot;Bitstream Vera Sans Mono&quot;, &quot;Courier New&quot;, Courier, monospace !important; font-size: 1em !important; color: rgb(0, 102, 153) !important; margin: 0px !important; padding: 0px !important; border: 0px !important; font-weight: bold !important; line-height: 1.1em !important; vertical-align: baseline !important; border-radius: 0px !important; background: none !important; bottom: auto !important; float: none !important; height: auto !important; left: auto !important; outline: 0px !important; overflow: visible !important; position: static !important; right: auto !important; top: auto !important; width: auto !important; direction: ltr !important; box-shadow: none !important; display: inline !important;\">title</code><code class=\"html plain\" style=\"word-break: break-word; font-variant: inherit; font-stretch: inherit; box-sizing: content-box !important; font-family: Monaco, Consolas, &quot;Bitstream Vera Sans Mono&quot;, &quot;Courier New&quot;, Courier, monospace !important; font-size: 1em !important; color: black !important; margin: 0px !important; padding: 0px !important; border: 0px !important; line-height: 1.1em !important; vertical-align: baseline !important; border-radius: 0px !important; background: none !important; bottom: auto !important; float: none !important; height: auto !important; left: auto !important; outline: 0px !important; overflow: visible !important; position: static !important; right: auto !important; top: auto !important; width: auto !important; direction: ltr !important; box-shadow: none !important; display: inline !important;\">&gt;Contoh Penggunaan Atribut Colspan dan Rowspan Tag Tabel&lt;/</code><code class=\"html keyword\" style=\"word-break: break-word; font-variant: inherit; font-stretch: inherit; box-sizing: content-box !important; font-family: Monaco, Consolas, &quot;Bitstream Vera Sans Mono&quot;, &quot;Courier New&quot;, Courier, monospace !important; font-size: 1em !important; color: rgb(0, 102, 153) !important; margin: 0px !important; padding: 0px !important; border: 0px !important; font-weight: bold !important; line-height: 1.1em !important; vertical-align: baseline !important; border-radius: 0px !important; background: none !important; bottom: auto !important; float: none !important; height: auto !important; left: auto !important; outline: 0px !important; overflow: visible !important; position: static !important; right: auto !important; top: auto !important; width: auto !important; direction: ltr !important; box-shadow: none !important; display: inline !important;\">title</code><code class=\"html plain\" style=\"word-break: break-word; font-variant: inherit; font-stretch: inherit; box-sizing: content-box !important; font-family: Monaco, Consolas, &quot;Bitstream Vera Sans Mono&quot;, &quot;Courier New&quot;, Courier, monospace !important; font-size: 1em !important; color: black !important; margin: 0px !important; padding: 0px !important; border: 0px !important; line-height: 1.1em !important; vertical-align: baseline !important; border-radius: 0px !important; background: none !important; bottom: auto !important; float: none !important; height: auto !important; left: auto !important; outline: 0px !important; overflow: visible !important; position: static !important; right: auto !important; top: auto !important; width: auto !important; direction: ltr !important; box-shadow: none !important; display: inline !important;\">&gt;<br></code><code class=\"html plain\" style=\"word-break: break-word; font-variant: inherit; font-stretch: inherit; box-sizing: content-box !important; font-family: Monaco, Consolas, &quot;Bitstream Vera Sans Mono&quot;, &quot;Courier New&quot;, Courier, monospace !important; font-size: 1em !important; color: black !important; margin: 0px !important; padding: 0px !important; border: 0px !important; line-height: 1.1em !important; vertical-align: baseline !important; border-radius: 0px !important; background: none !important; bottom: auto !important; float: none !important; height: auto !important; left: auto !important; outline: 0px !important; overflow: visible !important; position: static !important; right: auto !important; top: auto !important; width: auto !important; direction: ltr !important; box-shadow: none !important; display: inline !important;\">&lt;/</code><code class=\"html keyword\" style=\"word-break: break-word; font-variant: inherit; font-stretch: inherit; box-sizing: content-box !important; font-family: Monaco, Consolas, &quot;Bitstream Vera Sans Mono&quot;, &quot;Courier New&quot;, Courier, monospace !important; font-size: 1em !important; color: rgb(0, 102, 153) !important; margin: 0px !important; padding: 0px !important; border: 0px !important; font-weight: bold !important; line-height: 1.1em !important; vertical-align: baseline !important; border-radius: 0px !important; background: none !important; bottom: auto !important; float: none !important; height: auto !important; left: auto !important; outline: 0px !important; overflow: visible !important; position: static !important; right: auto !important; top: auto !important; width: auto !important; direction: ltr !important; box-shadow: none !important; display: inline !important;\">head</code><code class=\"html plain\" style=\"word-break: break-word; font-variant: inherit; font-stretch: inherit; box-sizing: content-box !important; font-family: Monaco, Consolas, &quot;Bitstream Vera Sans Mono&quot;, &quot;Courier New&quot;, Courier, monospace !important; font-size: 1em !important; color: black !important; margin: 0px !important; padding: 0px !important; border: 0px !important; line-height: 1.1em !important; vertical-align: baseline !important; border-radius: 0px !important; background: none !important; bottom: auto !important; float: none !important; height: auto !important; left: auto !important; outline: 0px !important; overflow: visible !important; position: static !important; right: auto !important; top: auto !important; width: auto !important; direction: ltr !important; box-shadow: none !important; display: inline !important;\">&gt;<br></code><code class=\"html plain\" style=\"word-break: break-word; font-variant: inherit; font-stretch: inherit; box-sizing: content-box !important; font-family: Monaco, Consolas, &quot;Bitstream Vera Sans Mono&quot;, &quot;Courier New&quot;, Courier, monospace !important; font-size: 1em !important; color: black !important; margin: 0px !important; padding: 0px !important; border: 0px !important; line-height: 1.1em !important; vertical-align: baseline !important; border-radius: 0px !important; background: none !important; bottom: auto !important; float: none !important; height: auto !important; left: auto !important; outline: 0px !important; overflow: visible !important; position: static !important; right: auto !important; top: auto !important; width: auto !important; direction: ltr !important; box-shadow: none !important; display: inline !important;\">&lt;</code><code class=\"html keyword\" style=\"word-break: break-word; font-variant: inherit; font-stretch: inherit; box-sizing: content-box !important; font-family: Monaco, Consolas, &quot;Bitstream Vera Sans Mono&quot;, &quot;Courier New&quot;, Courier, monospace !important; font-size: 1em !important; color: rgb(0, 102, 153) !important; margin: 0px !important; padding: 0px !important; border: 0px !important; font-weight: bold !important; line-height: 1.1em !important; vertical-align: baseline !important; border-radius: 0px !important; background: none !important; bottom: auto !important; float: none !important; height: auto !important; left: auto !important; outline: 0px !important; overflow: visible !important; position: static !important; right: auto !important; top: auto !important; width: auto !important; direction: ltr !important; box-shadow: none !important; display: inline !important;\">body</code><code class=\"html plain\" style=\"word-break: break-word; font-variant: inherit; font-stretch: inherit; box-sizing: content-box !important; font-family: Monaco, Consolas, &quot;Bitstream Vera Sans Mono&quot;, &quot;Courier New&quot;, Courier, monospace !important; font-size: 1em !important; color: black !important; margin: 0px !important; padding: 0px !important; border: 0px !important; line-height: 1.1em !important; vertical-align: baseline !important; border-radius: 0px !important; background: none !important; bottom: auto !important; float: none !important; height: auto !important; left: auto !important; outline: 0px !important; overflow: visible !important; position: static !important; right: auto !important; top: auto !important; width: auto !important; direction: ltr !important; box-shadow: none !important; display: inline !important;\">&gt;<br></code><code class=\"html plain\" style=\"word-break: break-word; font-variant: inherit; font-stretch: inherit; box-sizing: content-box !important; font-family: Monaco, Consolas, &quot;Bitstream Vera Sans Mono&quot;, &quot;Courier New&quot;, Courier, monospace !important; font-size: 1em !important; color: black !important; margin: 0px !important; padding: 0px !important; border: 0px !important; line-height: 1.1em !important; vertical-align: baseline !important; border-radius: 0px !important; background: none !important; bottom: auto !important; float: none !important; height: auto !important; left: auto !important; outline: 0px !important; overflow: visible !important; position: static !important; right: auto !important; top: auto !important; width: auto !important; direction: ltr !important; box-shadow: none !important; display: inline !important;\">&lt;</code><code class=\"html keyword\" style=\"word-break: break-word; font-variant: inherit; font-stretch: inherit; box-sizing: content-box !important; font-family: Monaco, Consolas, &quot;Bitstream Vera Sans Mono&quot;, &quot;Courier New&quot;, Courier, monospace !important; font-size: 1em !important; color: rgb(0, 102, 153) !important; margin: 0px !important; padding: 0px !important; border: 0px !important; font-weight: bold !important; line-height: 1.1em !important; vertical-align: baseline !important; border-radius: 0px !important; background: none !important; bottom: auto !important; float: none !important; height: auto !important; left: auto !important; outline: 0px !important; overflow: visible !important; position: static !important; right: auto !important; top: auto !important; width: auto !important; direction: ltr !important; box-shadow: none !important; display: inline !important;\">h1</code><code class=\"html plain\" style=\"word-break: break-word; font-variant: inherit; font-stretch: inherit; box-sizing: content-box !important; font-family: Monaco, Consolas, &quot;Bitstream Vera Sans Mono&quot;, &quot;Courier New&quot;, Courier, monospace !important; font-size: 1em !important; color: black !important; margin: 0px !important; padding: 0px !important; border: 0px !important; line-height: 1.1em !important; vertical-align: baseline !important; border-radius: 0px !important; background: none !important; bottom: auto !important; float: none !important; height: auto !important; left: auto !important; outline: 0px !important; overflow: visible !important; position: static !important; right: auto !important; top: auto !important; width: auto !important; direction: ltr !important; box-shadow: none !important; display: inline !important;\">&gt;Contoh atribut colspan dan rowspan &lt;/</code><code class=\"html keyword\" style=\"word-break: break-word; font-variant: inherit; font-stretch: inherit; box-sizing: content-box !important; font-family: Monaco, Consolas, &quot;Bitstream Vera Sans Mono&quot;, &quot;Courier New&quot;, Courier, monospace !important; font-size: 1em !important; color: rgb(0, 102, 153) !important; margin: 0px !important; padding: 0px !important; border: 0px !important; font-weight: bold !important; line-height: 1.1em !important; vertical-align: baseline !important; border-radius: 0px !important; background: none !important; bottom: auto !important; float: none !important; height: auto !important; left: auto !important; outline: 0px !important; overflow: visible !important; position: static !important; right: auto !important; top: auto !important; width: auto !important; direction: ltr !important; box-shadow: none !important; display: inline !important;\">h1</code><code class=\"html plain\" style=\"word-break: break-word; font-variant: inherit; font-stretch: inherit; box-sizing: content-box !important; font-family: Monaco, Consolas, &quot;Bitstream Vera Sans Mono&quot;, &quot;Courier New&quot;, Courier, monospace !important; font-size: 1em !important; color: black !important; margin: 0px !important; padding: 0px !important; border: 0px !important; line-height: 1.1em !important; vertical-align: baseline !important; border-radius: 0px !important; background: none !important; bottom: auto !important; float: none !important; height: auto !important; left: auto !important; outline: 0px !important; overflow: visible !important; position: static !important; right: auto !important; top: auto !important; width: auto !important; direction: ltr !important; box-shadow: none !important; display: inline !important;\">&gt;<br></code><code class=\"html plain\" style=\"word-break: break-word; font-variant: inherit; font-stretch: inherit; box-sizing: content-box !important; font-family: Monaco, Consolas, &quot;Bitstream Vera Sans Mono&quot;, &quot;Courier New&quot;, Courier, monospace !important; font-size: 1em !important; color: black !important; margin: 0px !important; padding: 0px !important; border: 0px !important; line-height: 1.1em !important; vertical-align: baseline !important; border-radius: 0px !important; background: none !important; bottom: auto !important; float: none !important; height: auto !important; left: auto !important; outline: 0px !important; overflow: visible !important; position: static !important; right: auto !important; top: auto !important; width: auto !important; direction: ltr !important; box-shadow: none !important; display: inline !important;\">&lt;</code><code class=\"html keyword\" style=\"word-break: break-word; font-variant: inherit; font-stretch: inherit; box-sizing: content-box !important; font-family: Monaco, Consolas, &quot;Bitstream Vera Sans Mono&quot;, &quot;Courier New&quot;, Courier, monospace !important; font-size: 1em !important; color: rgb(0, 102, 153) !important; margin: 0px !important; padding: 0px !important; border: 0px !important; font-weight: bold !important; line-height: 1.1em !important; vertical-align: baseline !important; border-radius: 0px !important; background: none !important; bottom: auto !important; float: none !important; height: auto !important; left: auto !important; outline: 0px !important; overflow: visible !important; position: static !important; right: auto !important; top: auto !important; width: auto !important; direction: ltr !important; box-shadow: none !important; display: inline !important;\">table</code> <code class=\"html color1\" style=\"word-break: break-word; font-variant: inherit; font-stretch: inherit; box-sizing: content-box !important; font-family: Monaco, Consolas, &quot;Bitstream Vera Sans Mono&quot;, &quot;Courier New&quot;, Courier, monospace !important; font-size: 1em !important; color: gray !important; margin: 0px !important; padding: 0px !important; border: 0px !important; line-height: 1.1em !important; vertical-align: baseline !important; border-radius: 0px !important; background: none !important; bottom: auto !important; float: none !important; height: auto !important; left: auto !important; outline: 0px !important; overflow: visible !important; position: static !important; right: auto !important; top: auto !important; width: auto !important; direction: ltr !important; box-shadow: none !important; display: inline !important;\">border</code><code class=\"html plain\" style=\"word-break: break-word; font-variant: inherit; font-stretch: inherit; box-sizing: content-box !important; font-family: Monaco, Consolas, &quot;Bitstream Vera Sans Mono&quot;, &quot;Courier New&quot;, Courier, monospace !important; font-size: 1em !important; color: black !important; margin: 0px !important; padding: 0px !important; border: 0px !important; line-height: 1.1em !important; vertical-align: baseline !important; border-radius: 0px !important; background: none !important; bottom: auto !important; float: none !important; height: auto !important; left: auto !important; outline: 0px !important; overflow: visible !important; position: static !important; right: auto !important; top: auto !important; width: auto !important; direction: ltr !important; box-shadow: none !important; display: inline !important;\">=</code><code class=\"html string\" style=\"word-break: break-word; font-variant: inherit; font-stretch: inherit; box-sizing: content-box !important; font-family: Monaco, Consolas, &quot;Bitstream Vera Sans Mono&quot;, &quot;Courier New&quot;, Courier, monospace !important; font-size: 1em !important; color: blue !important; margin: 0px !important; padding: 0px !important; border: 0px !important; line-height: 1.1em !important; vertical-align: baseline !important; border-radius: 0px !important; background: none !important; bottom: auto !important; float: none !important; height: auto !important; left: auto !important; outline: 0px !important; overflow: visible !important; position: static !important; right: auto !important; top: auto !important; width: auto !important; direction: ltr !important; box-shadow: none !important; display: inline !important;\">\"1\"</code><code class=\"html plain\" style=\"word-break: break-word; font-variant: inherit; font-stretch: inherit; box-sizing: content-box !important; font-family: Monaco, Consolas, &quot;Bitstream Vera Sans Mono&quot;, &quot;Courier New&quot;, Courier, monospace !important; font-size: 1em !important; color: black !important; margin: 0px !important; padding: 0px !important; border: 0px !important; line-height: 1.1em !important; vertical-align: baseline !important; border-radius: 0px !important; background: none !important; bottom: auto !important; float: none !important; height: auto !important; left: auto !important; outline: 0px !important; overflow: visible !important; position: static !important; right: auto !important; top: auto !important; width: auto !important; direction: ltr !important; box-shadow: none !important; display: inline !important;\">&gt;<br></code><code class=\"html spaces\" style=\"color: rgb(232, 62, 140); word-break: break-word; font-variant: inherit; font-stretch: inherit; box-sizing: content-box !important; font-family: Monaco, Consolas, &quot;Bitstream Vera Sans Mono&quot;, &quot;Courier New&quot;, Courier, monospace !important; font-size: 1em !important; margin: 0px !important; padding: 0px !important; border: 0px !important; line-height: 1.1em !important; vertical-align: baseline !important; border-radius: 0px !important; background: none !important; bottom: auto !important; float: none !important; height: auto !important; left: auto !important; outline: 0px !important; overflow: visible !important; position: static !important; right: auto !important; top: auto !important; width: auto !important; direction: ltr !important; box-shadow: none !important; display: inline !important;\">&nbsp;&nbsp;&nbsp;&nbsp;</code><code class=\"html plain\" style=\"word-break: break-word; font-variant: inherit; font-stretch: inherit; box-sizing: content-box !important; font-family: Monaco, Consolas, &quot;Bitstream Vera Sans Mono&quot;, &quot;Courier New&quot;, Courier, monospace !important; font-size: 1em !important; color: black !important; margin: 0px !important; padding: 0px !important; border: 0px !important; line-height: 1.1em !important; vertical-align: baseline !important; border-radius: 0px !important; background: none !important; bottom: auto !important; float: none !important; height: auto !important; left: auto !important; outline: 0px !important; overflow: visible !important; position: static !important; right: auto !important; top: auto !important; width: auto !important; direction: ltr !important; box-shadow: none !important; display: inline !important;\">&lt;</code><code class=\"html keyword\" style=\"word-break: break-word; font-variant: inherit; font-stretch: inherit; box-sizing: content-box !important; font-family: Monaco, Consolas, &quot;Bitstream Vera Sans Mono&quot;, &quot;Courier New&quot;, Courier, monospace !important; font-size: 1em !important; color: rgb(0, 102, 153) !important; margin: 0px !important; padding: 0px !important; border: 0px !important; font-weight: bold !important; line-height: 1.1em !important; vertical-align: baseline !important; border-radius: 0px !important; background: none !important; bottom: auto !important; float: none !important; height: auto !important; left: auto !important; outline: 0px !important; overflow: visible !important; position: static !important; right: auto !important; top: auto !important; width: auto !important; direction: ltr !important; box-shadow: none !important; display: inline !important;\">tr</code><code class=\"html plain\" style=\"word-break: break-word; font-variant: inherit; font-stretch: inherit; box-sizing: content-box !important; font-family: Monaco, Consolas, &quot;Bitstream Vera Sans Mono&quot;, &quot;Courier New&quot;, Courier, monospace !important; font-size: 1em !important; color: black !important; margin: 0px !important; padding: 0px !important; border: 0px !important; line-height: 1.1em !important; vertical-align: baseline !important; border-radius: 0px !important; background: none !important; bottom: auto !important; float: none !important; height: auto !important; left: auto !important; outline: 0px !important; overflow: visible !important; position: static !important; right: auto !important; top: auto !important; width: auto !important; direction: ltr !important; box-shadow: none !important; display: inline !important;\">&gt;<br></code><code class=\"html spaces\" style=\"color: rgb(232, 62, 140); word-break: break-word; font-variant: inherit; font-stretch: inherit; box-sizing: content-box !important; font-family: Monaco, Consolas, &quot;Bitstream Vera Sans Mono&quot;, &quot;Courier New&quot;, Courier, monospace !important; font-size: 1em !important; margin: 0px !important; padding: 0px !important; border: 0px !important; line-height: 1.1em !important; vertical-align: baseline !important; border-radius: 0px !important; background: none !important; bottom: auto !important; float: none !important; height: auto !important; left: auto !important; outline: 0px !important; overflow: visible !important; position: static !important; right: auto !important; top: auto !important; width: auto !important; direction: ltr !important; box-shadow: none !important; display: inline !important;\">&nbsp;&nbsp;&nbsp;&nbsp;&nbsp;&nbsp;&nbsp;&nbsp;</code><code class=\"html plain\" style=\"word-break: break-word; font-variant: inherit; font-stretch: inherit; box-sizing: content-box !important; font-family: Monaco, Consolas, &quot;Bitstream Vera Sans Mono&quot;, &quot;Courier New&quot;, Courier, monospace !important; font-size: 1em !important; color: black !important; margin: 0px !important; padding: 0px !important; border: 0px !important; line-height: 1.1em !important; vertical-align: baseline !important; border-radius: 0px !important; background: none !important; bottom: auto !important; float: none !important; height: auto !important; left: auto !important; outline: 0px !important; overflow: visible !important; position: static !important; right: auto !important; top: auto !important; width: auto !important; direction: ltr !important; box-shadow: none !important; display: inline !important;\">&lt;</code><code class=\"html keyword\" style=\"word-break: break-word; font-variant: inherit; font-stretch: inherit; box-sizing: content-box !important; font-family: Monaco, Consolas, &quot;Bitstream Vera Sans Mono&quot;, &quot;Courier New&quot;, Courier, monospace !important; font-size: 1em !important; color: rgb(0, 102, 153) !important; margin: 0px !important; padding: 0px !important; border: 0px !important; font-weight: bold !important; line-height: 1.1em !important; vertical-align: baseline !important; border-radius: 0px !important; background: none !important; bottom: auto !important; float: none !important; height: auto !important; left: auto !important; outline: 0px !important; overflow: visible !important; position: static !important; right: auto !important; top: auto !important; width: auto !important; direction: ltr !important; box-shadow: none !important; display: inline !important;\">td</code><code class=\"html plain\" style=\"word-break: break-word; font-variant: inherit; font-stretch: inherit; box-sizing: content-box !important; font-family: Monaco, Consolas, &quot;Bitstream Vera Sans Mono&quot;, &quot;Courier New&quot;, Courier, monospace !important; font-size: 1em !important; color: black !important; margin: 0px !important; padding: 0px !important; border: 0px !important; line-height: 1.1em !important; vertical-align: baseline !important; border-radius: 0px !important; background: none !important; bottom: auto !important; float: none !important; height: auto !important; left: auto !important; outline: 0px !important; overflow: visible !important; position: static !important; right: auto !important; top: auto !important; width: auto !important; direction: ltr !important; box-shadow: none !important; display: inline !important;\">&gt;Baris 1, Kolom 1&lt;/</code><code class=\"html keyword\" style=\"word-break: break-word; font-variant: inherit; font-stretch: inherit; box-sizing: content-box !important; font-family: Monaco, Consolas, &quot;Bitstream Vera Sans Mono&quot;, &quot;Courier New&quot;, Courier, monospace !important; font-size: 1em !important; color: rgb(0, 102, 153) !important; margin: 0px !important; padding: 0px !important; border: 0px !important; font-weight: bold !important; line-height: 1.1em !important; vertical-align: baseline !important; border-radius: 0px !important; background: none !important; bottom: auto !important; float: none !important; height: auto !important; left: auto !important; outline: 0px !important; overflow: visible !important; position: static !important; right: auto !important; top: auto !important; width: auto !important; direction: ltr !important; box-shadow: none !important; display: inline !important;\">td</code><code class=\"html plain\" style=\"word-break: break-word; font-variant: inherit; font-stretch: inherit; box-sizing: content-box !important; font-family: Monaco, Consolas, &quot;Bitstream Vera Sans Mono&quot;, &quot;Courier New&quot;, Courier, monospace !important; font-size: 1em !important; color: black !important; margin: 0px !important; padding: 0px !important; border: 0px !important; line-height: 1.1em !important; vertical-align: baseline !important; border-radius: 0px !important; background: none !important; bottom: auto !important; float: none !important; height: auto !important; left: auto !important; outline: 0px !important; overflow: visible !important; position: static !important; right: auto !important; top: auto !important; width: auto !important; direction: ltr !important; box-shadow: none !important; display: inline !important;\">&gt;<br></code><code class=\"html spaces\" style=\"color: rgb(232, 62, 140); word-break: break-word; font-variant: inherit; font-stretch: inherit; box-sizing: content-box !important; font-family: Monaco, Consolas, &quot;Bitstream Vera Sans Mono&quot;, &quot;Courier New&quot;, Courier, monospace !important; font-size: 1em !important; margin: 0px !important; padding: 0px !important; border: 0px !important; line-height: 1.1em !important; vertical-align: baseline !important; border-radius: 0px !important; background: none !important; bottom: auto !important; float: none !important; height: auto !important; left: auto !important; outline: 0px !important; overflow: visible !important; position: static !important; right: auto !important; top: auto !important; width: auto !important; direction: ltr !important; box-shadow: none !important; display: inline !important;\">&nbsp;&nbsp;&nbsp;&nbsp;&nbsp;&nbsp;&nbsp;&nbsp;</code><code class=\"html plain\" style=\"word-break: break-word; font-variant: inherit; font-stretch: inherit; box-sizing: content-box !important; font-family: Monaco, Consolas, &quot;Bitstream Vera Sans Mono&quot;, &quot;Courier New&quot;, Courier, monospace !important; font-size: 1em !important; color: black !important; margin: 0px !important; padding: 0px !important; border: 0px !important; line-height: 1.1em !important; vertical-align: baseline !important; border-radius: 0px !important; background: none !important; bottom: auto !important; float: none !important; height: auto !important; left: auto !important; outline: 0px !important; overflow: visible !important; position: static !important; right: auto !important; top: auto !important; width: auto !important; direction: ltr !important; box-shadow: none !important; display: inline !important;\">&lt;</code><code class=\"html keyword\" style=\"word-break: break-word; font-variant: inherit; font-stretch: inherit; box-sizing: content-box !important; font-family: Monaco, Consolas, &quot;Bitstream Vera Sans Mono&quot;, &quot;Courier New&quot;, Courier, monospace !important; font-size: 1em !important; color: rgb(0, 102, 153) !important; margin: 0px !important; padding: 0px !important; border: 0px !important; font-weight: bold !important; line-height: 1.1em !important; vertical-align: baseline !important; border-radius: 0px !important; background: none !important; bottom: auto !important; float: none !important; height: auto !important; left: auto !important; outline: 0px !important; overflow: visible !important; position: static !important; right: auto !important; top: auto !important; width: auto !important; direction: ltr !important; box-shadow: none !important; display: inline !important;\">td</code><code class=\"html plain\" style=\"word-break: break-word; font-variant: inherit; font-stretch: inherit; box-sizing: content-box !important; font-family: Monaco, Consolas, &quot;Bitstream Vera Sans Mono&quot;, &quot;Courier New&quot;, Courier, monospace !important; font-size: 1em !important; color: black !important; margin: 0px !important; padding: 0px !important; border: 0px !important; line-height: 1.1em !important; vertical-align: baseline !important; border-radius: 0px !important; background: none !important; bottom: auto !important; float: none !important; height: auto !important; left: auto !important; outline: 0px !important; overflow: visible !important; position: static !important; right: auto !important; top: auto !important; width: auto !important; direction: ltr !important; box-shadow: none !important; display: inline !important;\">&gt;Baris 1, Kolom 2&lt;/</code><code class=\"html keyword\" style=\"word-break: break-word; font-variant: inherit; font-stretch: inherit; box-sizing: content-box !important; font-family: Monaco, Consolas, &quot;Bitstream Vera Sans Mono&quot;, &quot;Courier New&quot;, Courier, monospace !important; font-size: 1em !important; color: rgb(0, 102, 153) !important; margin: 0px !important; padding: 0px !important; border: 0px !important; font-weight: bold !important; line-height: 1.1em !important; vertical-align: baseline !important; border-radius: 0px !important; background: none !important; bottom: auto !important; float: none !important; height: auto !important; left: auto !important; outline: 0px !important; overflow: visible !important; position: static !important; right: auto !important; top: auto !important; width: auto !important; direction: ltr !important; box-shadow: none !important; display: inline !important;\">td</code><code class=\"html plain\" style=\"word-break: break-word; font-variant: inherit; font-stretch: inherit; box-sizing: content-box !important; font-family: Monaco, Consolas, &quot;Bitstream Vera Sans Mono&quot;, &quot;Courier New&quot;, Courier, monospace !important; font-size: 1em !important; color: black !important; margin: 0px !important; padding: 0px !important; border: 0px !important; line-height: 1.1em !important; vertical-align: baseline !important; border-radius: 0px !important; background: none !important; bottom: auto !important; float: none !important; height: auto !important; left: auto !important; outline: 0px !important; overflow: visible !important; position: static !important; right: auto !important; top: auto !important; width: auto !important; direction: ltr !important; box-shadow: none !important; display: inline !important;\">&gt;<br></code><code class=\"html spaces\" style=\"color: rgb(232, 62, 140); word-break: break-word; font-variant: inherit; font-stretch: inherit; box-sizing: content-box !important; font-family: Monaco, Consolas, &quot;Bitstream Vera Sans Mono&quot;, &quot;Courier New&quot;, Courier, monospace !important; font-size: 1em !important; margin: 0px !important; padding: 0px !important; border: 0px !important; line-height: 1.1em !important; vertical-align: baseline !important; border-radius: 0px !important; background: none !important; bottom: auto !important; float: none !important; height: auto !important; left: auto !important; outline: 0px !important; overflow: visible !important; position: static !important; right: auto !important; top: auto !important; width: auto !important; direction: ltr !important; box-shadow: none !important; display: inline !important;\">&nbsp;&nbsp;&nbsp;&nbsp;&nbsp;&nbsp;&nbsp;&nbsp;</code><code class=\"html plain\" style=\"word-break: break-word; font-variant: inherit; font-stretch: inherit; box-sizing: content-box !important; font-family: Monaco, Consolas, &quot;Bitstream Vera Sans Mono&quot;, &quot;Courier New&quot;, Courier, monospace !important; font-size: 1em !important; color: black !important; margin: 0px !important; padding: 0px !important; border: 0px !important; line-height: 1.1em !important; vertical-align: baseline !important; border-radius: 0px !important; background: none !important; bottom: auto !important; float: none !important; height: auto !important; left: auto !important; outline: 0px !important; overflow: visible !important; position: static !important; right: auto !important; top: auto !important; width: auto !important; direction: ltr !important; box-shadow: none !important; display: inline !important;\">&lt;</code><code class=\"html keyword\" style=\"word-break: break-word; font-variant: inherit; font-stretch: inherit; box-sizing: content-box !important; font-family: Monaco, Consolas, &quot;Bitstream Vera Sans Mono&quot;, &quot;Courier New&quot;, Courier, monospace !important; font-size: 1em !important; color: rgb(0, 102, 153) !important; margin: 0px !important; padding: 0px !important; border: 0px !important; font-weight: bold !important; line-height: 1.1em !important; vertical-align: baseline !important; border-radius: 0px !important; background: none !important; bottom: auto !important; float: none !important; height: auto !important; left: auto !important; outline: 0px !important; overflow: visible !important; position: static !important; right: auto !important; top: auto !important; width: auto !important; direction: ltr !important; box-shadow: none !important; display: inline !important;\">td</code><code class=\"html plain\" style=\"word-break: break-word; font-variant: inherit; font-stretch: inherit; box-sizing: content-box !important; font-family: Monaco, Consolas, &quot;Bitstream Vera Sans Mono&quot;, &quot;Courier New&quot;, Courier, monospace !important; font-size: 1em !important; color: black !important; margin: 0px !important; padding: 0px !important; border: 0px !important; line-height: 1.1em !important; vertical-align: baseline !important; border-radius: 0px !important; background: none !important; bottom: auto !important; float: none !important; height: auto !important; left: auto !important; outline: 0px !important; overflow: visible !important; position: static !important; right: auto !important; top: auto !important; width: auto !important; direction: ltr !important; box-shadow: none !important; display: inline !important;\">&gt;Baris 1, Kolom 3&lt;/</code><code class=\"html keyword\" style=\"word-break: break-word; font-variant: inherit; font-stretch: inherit; box-sizing: content-box !important; font-family: Monaco, Consolas, &quot;Bitstream Vera Sans Mono&quot;, &quot;Courier New&quot;, Courier, monospace !important; font-size: 1em !important; color: rgb(0, 102, 153) !important; margin: 0px !important; padding: 0px !important; border: 0px !important; font-weight: bold !important; line-height: 1.1em !important; vertical-align: baseline !important; border-radius: 0px !important; background: none !important; bottom: auto !important; float: none !important; height: auto !important; left: auto !important; outline: 0px !important; overflow: visible !important; position: static !important; right: auto !important; top: auto !important; width: auto !important; direction: ltr !important; box-shadow: none !important; display: inline !important;\">td</code><code class=\"html plain\" style=\"word-break: break-word; font-variant: inherit; font-stretch: inherit; box-sizing: content-box !important; font-family: Monaco, Consolas, &quot;Bitstream Vera Sans Mono&quot;, &quot;Courier New&quot;, Courier, monospace !important; font-size: 1em !important; color: black !important; margin: 0px !important; padding: 0px !important; border: 0px !important; line-height: 1.1em !important; vertical-align: baseline !important; border-radius: 0px !important; background: none !important; bottom: auto !important; float: none !important; height: auto !important; left: auto !important; outline: 0px !important; overflow: visible !important; position: static !important; right: auto !important; top: auto !important; width: auto !important; direction: ltr !important; box-shadow: none !important; display: inline !important;\">&gt;<br></code><code class=\"html spaces\" style=\"color: rgb(232, 62, 140); word-break: break-word; font-variant: inherit; font-stretch: inherit; box-sizing: content-box !important; font-family: Monaco, Consolas, &quot;Bitstream Vera Sans Mono&quot;, &quot;Courier New&quot;, Courier, monospace !important; font-size: 1em !important; margin: 0px !important; padding: 0px !important; border: 0px !important; line-height: 1.1em !important; vertical-align: baseline !important; border-radius: 0px !important; background: none !important; bottom: auto !important; float: none !important; height: auto !important; left: auto !important; outline: 0px !important; overflow: visible !important; position: static !important; right: auto !important; top: auto !important; width: auto !important; direction: ltr !important; box-shadow: none !important; display: inline !important;\">&nbsp;&nbsp;&nbsp;&nbsp;</code><code class=\"html plain\" style=\"word-break: break-word; font-variant: inherit; font-stretch: inherit; box-sizing: content-box !important; font-family: Monaco, Consolas, &quot;Bitstream Vera Sans Mono&quot;, &quot;Courier New&quot;, Courier, monospace !important; font-size: 1em !important; color: black !important; margin: 0px !important; padding: 0px !important; border: 0px !important; line-height: 1.1em !important; vertical-align: baseline !important; border-radius: 0px !important; background: none !important; bottom: auto !important; float: none !important; height: auto !important; left: auto !important; outline: 0px !important; overflow: visible !important; position: static !important; right: auto !important; top: auto !important; width: auto !important; direction: ltr !important; box-shadow: none !important; display: inline !important;\">&lt;/</code><code class=\"html keyword\" style=\"word-break: break-word; font-variant: inherit; font-stretch: inherit; box-sizing: content-box !important; font-family: Monaco, Consolas, &quot;Bitstream Vera Sans Mono&quot;, &quot;Courier New&quot;, Courier, monospace !important; font-size: 1em !important; color: rgb(0, 102, 153) !important; margin: 0px !important; padding: 0px !important; border: 0px !important; font-weight: bold !important; line-height: 1.1em !important; vertical-align: baseline !important; border-radius: 0px !important; background: none !important; bottom: auto !important; float: none !important; height: auto !important; left: auto !important; outline: 0px !important; overflow: visible !important; position: static !important; right: auto !important; top: auto !important; width: auto !important; direction: ltr !important; box-shadow: none !important; display: inline !important;\">tr</code><code class=\"html plain\" style=\"word-break: break-word; font-variant: inherit; font-stretch: inherit; box-sizing: content-box !important; font-family: Monaco, Consolas, &quot;Bitstream Vera Sans Mono&quot;, &quot;Courier New&quot;, Courier, monospace !important; font-size: 1em !important; color: black !important; margin: 0px !important; padding: 0px !important; border: 0px !important; line-height: 1.1em !important; vertical-align: baseline !important; border-radius: 0px !important; background: none !important; bottom: auto !important; float: none !important; height: auto !important; left: auto !important; outline: 0px !important; overflow: visible !important; position: static !important; right: auto !important; top: auto !important; width: auto !important; direction: ltr !important; box-shadow: none !important; display: inline !important;\">&gt;<br></code><code class=\"html spaces\" style=\"color: rgb(232, 62, 140); word-break: break-word; font-variant: inherit; font-stretch: inherit; box-sizing: content-box !important; font-family: Monaco, Consolas, &quot;Bitstream Vera Sans Mono&quot;, &quot;Courier New&quot;, Courier, monospace !important; font-size: 1em !important; margin: 0px !important; padding: 0px !important; border: 0px !important; line-height: 1.1em !important; vertical-align: baseline !important; border-radius: 0px !important; background: none !important; bottom: auto !important; float: none !important; height: auto !important; left: auto !important; outline: 0px !important; overflow: visible !important; position: static !important; right: auto !important; top: auto !important; width: auto !important; direction: ltr !important; box-shadow: none !important; display: inline !important;\">&nbsp;&nbsp;&nbsp;&nbsp;</code><code class=\"html plain\" style=\"word-break: break-word; font-variant: inherit; font-stretch: inherit; box-sizing: content-box !important; font-family: Monaco, Consolas, &quot;Bitstream Vera Sans Mono&quot;, &quot;Courier New&quot;, Courier, monospace !important; font-size: 1em !important; color: black !important; margin: 0px !important; padding: 0px !important; border: 0px !important; line-height: 1.1em !important; vertical-align: baseline !important; border-radius: 0px !important; background: none !important; bottom: auto !important; float: none !important; height: auto !important; left: auto !important; outline: 0px !important; overflow: visible !important; position: static !important; right: auto !important; top: auto !important; width: auto !important; direction: ltr !important; box-shadow: none !important; display: inline !important;\">&lt;</code><code class=\"html keyword\" style=\"word-break: break-word; font-variant: inherit; font-stretch: inherit; box-sizing: content-box !important; font-family: Monaco, Consolas, &quot;Bitstream Vera Sans Mono&quot;, &quot;Courier New&quot;, Courier, monospace !important; font-size: 1em !important; color: rgb(0, 102, 153) !important; margin: 0px !important; padding: 0px !important; border: 0px !important; font-weight: bold !important; line-height: 1.1em !important; vertical-align: baseline !important; border-radius: 0px !important; background: none !important; bottom: auto !important; float: none !important; height: auto !important; left: auto !important; outline: 0px !important; overflow: visible !important; position: static !important; right: auto !important; top: auto !important; width: auto !important; direction: ltr !important; box-shadow: none !important; display: inline !important;\">tr</code><code class=\"html plain\" style=\"word-break: break-word; font-variant: inherit; font-stretch: inherit; box-sizing: content-box !important; font-family: Monaco, Consolas, &quot;Bitstream Vera Sans Mono&quot;, &quot;Courier New&quot;, Courier, monospace !important; font-size: 1em !important; color: black !important; margin: 0px !important; padding: 0px !important; border: 0px !important; line-height: 1.1em !important; vertical-align: baseline !important; border-radius: 0px !important; background: none !important; bottom: auto !important; float: none !important; height: auto !important; left: auto !important; outline: 0px !important; overflow: visible !important; position: static !important; right: auto !important; top: auto !important; width: auto !important; direction: ltr !important; box-shadow: none !important; display: inline !important;\">&gt;<br></code><code class=\"html spaces\" style=\"color: rgb(232, 62, 140); word-break: break-word; font-variant: inherit; font-stretch: inherit; box-sizing: content-box !important; font-family: Monaco, Consolas, &quot;Bitstream Vera Sans Mono&quot;, &quot;Courier New&quot;, Courier, monospace !important; font-size: 1em !important; margin: 0px !important; padding: 0px !important; border: 0px !important; line-height: 1.1em !important; vertical-align: baseline !important; border-radius: 0px !important; background: none !important; bottom: auto !important; float: none !important; height: auto !important; left: auto !important; outline: 0px !important; overflow: visible !important; position: static !important; right: auto !important; top: auto !important; width: auto !important; direction: ltr !important; box-shadow: none !important; display: inline !important;\">&nbsp;&nbsp;&nbsp;&nbsp;&nbsp;&nbsp;&nbsp;&nbsp;</code><code class=\"html plain\" style=\"word-break: break-word; font-variant: inherit; font-stretch: inherit; box-sizing: content-box !important; font-family: Monaco, Consolas, &quot;Bitstream Vera Sans Mono&quot;, &quot;Courier New&quot;, Courier, monospace !important; font-size: 1em !important; color: black !important; margin: 0px !important; padding: 0px !important; border: 0px !important; line-height: 1.1em !important; vertical-align: baseline !important; border-radius: 0px !important; background: none !important; bottom: auto !important; float: none !important; height: auto !important; left: auto !important; outline: 0px !important; overflow: visible !important; position: static !important; right: auto !important; top: auto !important; width: auto !important; direction: ltr !important; box-shadow: none !important; display: inline !important;\">&lt;</code><code class=\"html keyword\" style=\"word-break: break-word; font-variant: inherit; font-stretch: inherit; box-sizing: content-box !important; font-family: Monaco, Consolas, &quot;Bitstream Vera Sans Mono&quot;, &quot;Courier New&quot;, Courier, monospace !important; font-size: 1em !important; color: rgb(0, 102, 153) !important; margin: 0px !important; padding: 0px !important; border: 0px !important; font-weight: bold !important; line-height: 1.1em !important; vertical-align: baseline !important; border-radius: 0px !important; background: none !important; bottom: auto !important; float: none !important; height: auto !important; left: auto !important; outline: 0px !important; overflow: visible !important; position: static !important; right: auto !important; top: auto !important; width: auto !important; direction: ltr !important; box-shadow: none !important; display: inline !important;\">td</code><code class=\"html plain\" style=\"word-break: break-word; font-variant: inherit; font-stretch: inherit; box-sizing: content-box !important; font-family: Monaco, Consolas, &quot;Bitstream Vera Sans Mono&quot;, &quot;Courier New&quot;, Courier, monospace !important; font-size: 1em !important; color: black !important; margin: 0px !important; padding: 0px !important; border: 0px !important; line-height: 1.1em !important; vertical-align: baseline !important; border-radius: 0px !important; background: none !important; bottom: auto !important; float: none !important; height: auto !important; left: auto !important; outline: 0px !important; overflow: visible !important; position: static !important; right: auto !important; top: auto !important; width: auto !important; direction: ltr !important; box-shadow: none !important; display: inline !important;\">&gt;Baris 2, Kolom 1&lt;/</code><code class=\"html keyword\" style=\"word-break: break-word; font-variant: inherit; font-stretch: inherit; box-sizing: content-box !important; font-family: Monaco, Consolas, &quot;Bitstream Vera Sans Mono&quot;, &quot;Courier New&quot;, Courier, monospace !important; font-size: 1em !important; color: rgb(0, 102, 153) !important; margin: 0px !important; padding: 0px !important; border: 0px !important; font-weight: bold !important; line-height: 1.1em !important; vertical-align: baseline !important; border-radius: 0px !important; background: none !important; bottom: auto !important; float: none !important; height: auto !important; left: auto !important; outline: 0px !important; overflow: visible !important; position: static !important; right: auto !important; top: auto !important; width: auto !important; direction: ltr !important; box-shadow: none !important; display: inline !important;\">td</code><code class=\"html plain\" style=\"word-break: break-word; font-variant: inherit; font-stretch: inherit; box-sizing: content-box !important; font-family: Monaco, Consolas, &quot;Bitstream Vera Sans Mono&quot;, &quot;Courier New&quot;, Courier, monospace !important; font-size: 1em !important; color: black !important; margin: 0px !important; padding: 0px !important; border: 0px !important; line-height: 1.1em !important; vertical-align: baseline !important; border-radius: 0px !important; background: none !important; bottom: auto !important; float: none !important; height: auto !important; left: auto !important; outline: 0px !important; overflow: visible !important; position: static !important; right: auto !important; top: auto !important; width: auto !important; direction: ltr !important; box-shadow: none !important; display: inline !important;\">&gt;<br></code><code class=\"html spaces\" style=\"color: rgb(232, 62, 140); word-break: break-word; font-variant: inherit; font-stretch: inherit; box-sizing: content-box !important; font-family: Monaco, Consolas, &quot;Bitstream Vera Sans Mono&quot;, &quot;Courier New&quot;, Courier, monospace !important; font-size: 1em !important; margin: 0px !important; padding: 0px !important; border: 0px !important; line-height: 1.1em !important; vertical-align: baseline !important; border-radius: 0px !important; background: none !important; bottom: auto !important; float: none !important; height: auto !important; left: auto !important; outline: 0px !important; overflow: visible !important; position: static !important; right: auto !important; top: auto !important; width: auto !important; direction: ltr !important; box-shadow: none !important; display: inline !important;\">&nbsp;&nbsp;&nbsp;&nbsp;&nbsp;&nbsp;&nbsp;&nbsp;</code><code class=\"html plain\" style=\"word-break: break-word; font-variant: inherit; font-stretch: inherit; box-sizing: content-box !important; font-family: Monaco, Consolas, &quot;Bitstream Vera Sans Mono&quot;, &quot;Courier New&quot;, Courier, monospace !important; font-size: 1em !important; color: black !important; margin: 0px !important; padding: 0px !important; border: 0px !important; line-height: 1.1em !important; vertical-align: baseline !important; border-radius: 0px !important; background: none !important; bottom: auto !important; float: none !important; height: auto !important; left: auto !important; outline: 0px !important; overflow: visible !important; position: static !important; right: auto !important; top: auto !important; width: auto !important; direction: ltr !important; box-shadow: none !important; display: inline !important;\">&lt;</code><code class=\"html keyword\" style=\"word-break: break-word; font-variant: inherit; font-stretch: inherit; box-sizing: content-box !important; font-family: Monaco, Consolas, &quot;Bitstream Vera Sans Mono&quot;, &quot;Courier New&quot;, Courier, monospace !important; font-size: 1em !important; color: rgb(0, 102, 153) !important; margin: 0px !important; padding: 0px !important; border: 0px !important; font-weight: bold !important; line-height: 1.1em !important; vertical-align: baseline !important; border-radius: 0px !important; background: none !important; bottom: auto !important; float: none !important; height: auto !important; left: auto !important; outline: 0px !important; overflow: visible !important; position: static !important; right: auto !important; top: auto !important; width: auto !important; direction: ltr !important; box-shadow: none !important; display: inline !important;\">td</code> <code class=\"html color1\" style=\"word-break: break-word; font-variant: inherit; font-stretch: inherit; box-sizing: content-box !important; font-family: Monaco, Consolas, &quot;Bitstream Vera Sans Mono&quot;, &quot;Courier New&quot;, Courier, monospace !important; font-size: 1em !important; color: gray !important; margin: 0px !important; padding: 0px !important; border: 0px !important; line-height: 1.1em !important; vertical-align: baseline !important; border-radius: 0px !important; background: none !important; bottom: auto !important; float: none !important; height: auto !important; left: auto !important; outline: 0px !important; overflow: visible !important; position: static !important; right: auto !important; top: auto !important; width: auto !important; direction: ltr !important; box-shadow: none !important; display: inline !important;\">colspan</code><code class=\"html plain\" style=\"word-break: break-word; font-variant: inherit; font-stretch: inherit; box-sizing: content-box !important; font-family: Monaco, Consolas, &quot;Bitstream Vera Sans Mono&quot;, &quot;Courier New&quot;, Courier, monospace !important; font-size: 1em !important; color: black !important; margin: 0px !important; padding: 0px !important; border: 0px !important; line-height: 1.1em !important; vertical-align: baseline !important; border-radius: 0px !important; background: none !important; bottom: auto !important; float: none !important; height: auto !important; left: auto !important; outline: 0px !important; overflow: visible !important; position: static !important; right: auto !important; top: auto !important; width: auto !important; direction: ltr !important; box-shadow: none !important; display: inline !important;\">=</code><code class=\"html string\" style=\"word-break: break-word; font-variant: inherit; font-stretch: inherit; box-sizing: content-box !important; font-family: Monaco, Consolas, &quot;Bitstream Vera Sans Mono&quot;, &quot;Courier New&quot;, Courier, monospace !important; font-size: 1em !important; color: blue !important; margin: 0px !important; padding: 0px !important; border: 0px !important; line-height: 1.1em !important; vertical-align: baseline !important; border-radius: 0px !important; background: none !important; bottom: auto !important; float: none !important; height: auto !important; left: auto !important; outline: 0px !important; overflow: visible !important; position: static !important; right: auto !important; top: auto !important; width: auto !important; direction: ltr !important; box-shadow: none !important; display: inline !important;\">\"2\"</code> <code class=\"html plain\" style=\"word-break: break-word; font-variant: inherit; font-stretch: inherit; box-sizing: content-box !important; font-family: Monaco, Consolas, &quot;Bitstream Vera Sans Mono&quot;, &quot;Courier New&quot;, Courier, monospace !important; font-size: 1em !important; color: black !important; margin: 0px !important; padding: 0px !important; border: 0px !important; line-height: 1.1em !important; vertical-align: baseline !important; border-radius: 0px !important; background: none !important; bottom: auto !important; float: none !important; height: auto !important; left: auto !important; outline: 0px !important; overflow: visible !important; position: static !important; right: auto !important; top: auto !important; width: auto !important; direction: ltr !important; box-shadow: none !important; display: inline !important;\">&gt;Baris 2, Kolom 2 &amp; 3&lt;/</code><code class=\"html keyword\" style=\"word-break: break-word; font-variant: inherit; font-stretch: inherit; box-sizing: content-box !important; font-family: Monaco, Consolas, &quot;Bitstream Vera Sans Mono&quot;, &quot;Courier New&quot;, Courier, monospace !important; font-size: 1em !important; color: rgb(0, 102, 153) !important; margin: 0px !important; padding: 0px !important; border: 0px !important; font-weight: bold !important; line-height: 1.1em !important; vertical-align: baseline !important; border-radius: 0px !important; background: none !important; bottom: auto !important; float: none !important; height: auto !important; left: auto !important; outline: 0px !important; overflow: visible !important; position: static !important; right: auto !important; top: auto !important; width: auto !important; direction: ltr !important; box-shadow: none !important; display: inline !important;\">td</code><code class=\"html plain\" style=\"word-break: break-word; font-variant: inherit; font-stretch: inherit; box-sizing: content-box !important; font-family: Monaco, Consolas, &quot;Bitstream Vera Sans Mono&quot;, &quot;Courier New&quot;, Courier, monospace !important; font-size: 1em !important; color: black !important; margin: 0px !important; padding: 0px !important; border: 0px !important; line-height: 1.1em !important; vertical-align: baseline !important; border-radius: 0px !important; background: none !important; bottom: auto !important; float: none !important; height: auto !important; left: auto !important; outline: 0px !important; overflow: visible !important; position: static !important; right: auto !important; top: auto !important; width: auto !important; direction: ltr !important; box-shadow: none !important; display: inline !important;\">&gt;<br></code><code class=\"html spaces\" style=\"color: rgb(232, 62, 140); word-break: break-word; font-variant: inherit; font-stretch: inherit; box-sizing: content-box !important; font-family: Monaco, Consolas, &quot;Bitstream Vera Sans Mono&quot;, &quot;Courier New&quot;, Courier, monospace !important; font-size: 1em !important; margin: 0px !important; padding: 0px !important; border: 0px !important; line-height: 1.1em !important; vertical-align: baseline !important; border-radius: 0px !important; background: none !important; bottom: auto !important; float: none !important; height: auto !important; left: auto !important; outline: 0px !important; overflow: visible !important; position: static !important; right: auto !important; top: auto !important; width: auto !important; direction: ltr !important; box-shadow: none !important; display: inline !important;\">&nbsp;&nbsp;&nbsp;&nbsp;</code><code class=\"html plain\" style=\"word-break: break-word; font-variant: inherit; font-stretch: inherit; box-sizing: content-box !important; font-family: Monaco, Consolas, &quot;Bitstream Vera Sans Mono&quot;, &quot;Courier New&quot;, Courier, monospace !important; font-size: 1em !important; color: black !important; margin: 0px !important; padding: 0px !important; border: 0px !important; line-height: 1.1em !important; vertical-align: baseline !important; border-radius: 0px !important; background: none !important; bottom: auto !important; float: none !important; height: auto !important; left: auto !important; outline: 0px !important; overflow: visible !important; position: static !important; right: auto !important; top: auto !important; width: auto !important; direction: ltr !important; box-shadow: none !important; display: inline !important;\">&lt;/</code><code class=\"html keyword\" style=\"word-break: break-word; font-variant: inherit; font-stretch: inherit; box-sizing: content-box !important; font-family: Monaco, Consolas, &quot;Bitstream Vera Sans Mono&quot;, &quot;Courier New&quot;, Courier, monospace !important; font-size: 1em !important; color: rgb(0, 102, 153) !important; margin: 0px !important; padding: 0px !important; border: 0px !important; font-weight: bold !important; line-height: 1.1em !important; vertical-align: baseline !important; border-radius: 0px !important; background: none !important; bottom: auto !important; float: none !important; height: auto !important; left: auto !important; outline: 0px !important; overflow: visible !important; position: static !important; right: auto !important; top: auto !important; width: auto !important; direction: ltr !important; box-shadow: none !important; display: inline !important;\">tr</code><code class=\"html plain\" style=\"word-break: break-word; font-variant: inherit; font-stretch: inherit; box-sizing: content-box !important; font-family: Monaco, Consolas, &quot;Bitstream Vera Sans Mono&quot;, &quot;Courier New&quot;, Courier, monospace !important; font-size: 1em !important; color: black !important; margin: 0px !important; padding: 0px !important; border: 0px !important; line-height: 1.1em !important; vertical-align: baseline !important; border-radius: 0px !important; background: none !important; bottom: auto !important; float: none !important; height: auto !important; left: auto !important; outline: 0px !important; overflow: visible !important; position: static !important; right: auto !important; top: auto !important; width: auto !important; direction: ltr !important; box-shadow: none !important; display: inline !important;\">&gt;<br></code><code class=\"html spaces\" style=\"color: rgb(232, 62, 140); word-break: break-word; font-variant: inherit; font-stretch: inherit; box-sizing: content-box !important; font-family: Monaco, Consolas, &quot;Bitstream Vera Sans Mono&quot;, &quot;Courier New&quot;, Courier, monospace !important; font-size: 1em !important; margin: 0px !important; padding: 0px !important; border: 0px !important; line-height: 1.1em !important; vertical-align: baseline !important; border-radius: 0px !important; background: none !important; bottom: auto !important; float: none !important; height: auto !important; left: auto !important; outline: 0px !important; overflow: visible !important; position: static !important; right: auto !important; top: auto !important; width: auto !important; direction: ltr !important; box-shadow: none !important; display: inline !important;\">&nbsp;&nbsp;&nbsp;&nbsp;</code><code class=\"html plain\" style=\"word-break: break-word; font-variant: inherit; font-stretch: inherit; box-sizing: content-box !important; font-family: Monaco, Consolas, &quot;Bitstream Vera Sans Mono&quot;, &quot;Courier New&quot;, Courier, monospace !important; font-size: 1em !important; color: black !important; margin: 0px !important; padding: 0px !important; border: 0px !important; line-height: 1.1em !important; vertical-align: baseline !important; border-radius: 0px !important; background: none !important; bottom: auto !important; float: none !important; height: auto !important; left: auto !important; outline: 0px !important; overflow: visible !important; position: static !important; right: auto !important; top: auto !important; width: auto !important; direction: ltr !important; box-shadow: none !important; display: inline !important;\">&lt;</code><code class=\"html keyword\" style=\"word-break: break-word; font-variant: inherit; font-stretch: inherit; box-sizing: content-box !important; font-family: Monaco, Consolas, &quot;Bitstream Vera Sans Mono&quot;, &quot;Courier New&quot;, Courier, monospace !important; font-size: 1em !important; color: rgb(0, 102, 153) !important; margin: 0px !important; padding: 0px !important; border: 0px !important; font-weight: bold !important; line-height: 1.1em !important; vertical-align: baseline !important; border-radius: 0px !important; background: none !important; bottom: auto !important; float: none !important; height: auto !important; left: auto !important; outline: 0px !important; overflow: visible !important; position: static !important; right: auto !important; top: auto !important; width: auto !important; direction: ltr !important; box-shadow: none !important; display: inline !important;\">tr</code><code class=\"html plain\" style=\"word-break: break-word; font-variant: inherit; font-stretch: inherit; box-sizing: content-box !important; font-family: Monaco, Consolas, &quot;Bitstream Vera Sans Mono&quot;, &quot;Courier New&quot;, Courier, monospace !important; font-size: 1em !important; color: black !important; margin: 0px !important; padding: 0px !important; border: 0px !important; line-height: 1.1em !important; vertical-align: baseline !important; border-radius: 0px !important; background: none !important; bottom: auto !important; float: none !important; height: auto !important; left: auto !important; outline: 0px !important; overflow: visible !important; position: static !important; right: auto !important; top: auto !important; width: auto !important; direction: ltr !important; box-shadow: none !important; display: inline !important;\">&gt;<br></code><code class=\"html spaces\" style=\"color: rgb(232, 62, 140); word-break: break-word; font-variant: inherit; font-stretch: inherit; box-sizing: content-box !important; font-family: Monaco, Consolas, &quot;Bitstream Vera Sans Mono&quot;, &quot;Courier New&quot;, Courier, monospace !important; font-size: 1em !important; margin: 0px !important; padding: 0px !important; border: 0px !important; line-height: 1.1em !important; vertical-align: baseline !important; border-radius: 0px !important; background: none !important; bottom: auto !important; float: none !important; height: auto !important; left: auto !important; outline: 0px !important; overflow: visible !important; position: static !important; right: auto !important; top: auto !important; width: auto !important; direction: ltr !important; box-shadow: none !important; display: inline !important;\">&nbsp;&nbsp;&nbsp;&nbsp;&nbsp;&nbsp;&nbsp;&nbsp;</code><code class=\"html plain\" style=\"word-break: break-word; font-variant: inherit; font-stretch: inherit; box-sizing: content-box !important; font-family: Monaco, Consolas, &quot;Bitstream Vera Sans Mono&quot;, &quot;Courier New&quot;, Courier, monospace !important; font-size: 1em !important; color: black !important; margin: 0px !important; padding: 0px !important; border: 0px !important; line-height: 1.1em !important; vertical-align: baseline !important; border-radius: 0px !important; background: none !important; bottom: auto !important; float: none !important; height: auto !important; left: auto !important; outline: 0px !important; overflow: visible !important; position: static !important; right: auto !important; top: auto !important; width: auto !important; direction: ltr !important; box-shadow: none !important; display: inline !important;\">&lt;</code><code class=\"html keyword\" style=\"word-break: break-word; font-variant: inherit; font-stretch: inherit; box-sizing: content-box !important; font-family: Monaco, Consolas, &quot;Bitstream Vera Sans Mono&quot;, &quot;Courier New&quot;, Courier, monospace !important; font-size: 1em !important; color: rgb(0, 102, 153) !important; margin: 0px !important; padding: 0px !important; border: 0px !important; font-weight: bold !important; line-height: 1.1em !important; vertical-align: baseline !important; border-radius: 0px !important; background: none !important; bottom: auto !important; float: none !important; height: auto !important; left: auto !important; outline: 0px !important; overflow: visible !important; position: static !important; right: auto !important; top: auto !important; width: auto !important; direction: ltr !important; box-shadow: none !important; display: inline !important;\">td</code> <code class=\"html color1\" style=\"word-break: break-word; font-variant: inherit; font-stretch: inherit; box-sizing: content-box !important; font-family: Monaco, Consolas, &quot;Bitstream Vera Sans Mono&quot;, &quot;Courier New&quot;, Courier, monospace !important; font-size: 1em !important; color: gray !important; margin: 0px !important; padding: 0px !important; border: 0px !important; line-height: 1.1em !important; vertical-align: baseline !important; border-radius: 0px !important; background: none !important; bottom: auto !important; float: none !important; height: auto !important; left: auto !important; outline: 0px !important; overflow: visible !important; position: static !important; right: auto !important; top: auto !important; width: auto !important; direction: ltr !important; box-shadow: none !important; display: inline !important;\">rowspan</code><code class=\"html plain\" style=\"word-break: break-word; font-variant: inherit; font-stretch: inherit; box-sizing: content-box !important; font-family: Monaco, Consolas, &quot;Bitstream Vera Sans Mono&quot;, &quot;Courier New&quot;, Courier, monospace !important; font-size: 1em !important; color: black !important; margin: 0px !important; padding: 0px !important; border: 0px !important; line-height: 1.1em !important; vertical-align: baseline !important; border-radius: 0px !important; background: none !important; bottom: auto !important; float: none !important; height: auto !important; left: auto !important; outline: 0px !important; overflow: visible !important; position: static !important; right: auto !important; top: auto !important; width: auto !important; direction: ltr !important; box-shadow: none !important; display: inline !important;\">=</code><code class=\"html string\" style=\"word-break: break-word; font-variant: inherit; font-stretch: inherit; box-sizing: content-box !important; font-family: Monaco, Consolas, &quot;Bitstream Vera Sans Mono&quot;, &quot;Courier New&quot;, Courier, monospace !important; font-size: 1em !important; color: blue !important; margin: 0px !important; padding: 0px !important; border: 0px !important; line-height: 1.1em !important; vertical-align: baseline !important; border-radius: 0px !important; background: none !important; bottom: auto !important; float: none !important; height: auto !important; left: auto !important; outline: 0px !important; overflow: visible !important; position: static !important; right: auto !important; top: auto !important; width: auto !important; direction: ltr !important; box-shadow: none !important; display: inline !important;\">\"2\"</code><code class=\"html plain\" style=\"word-break: break-word; font-variant: inherit; font-stretch: inherit; box-sizing: content-box !important; font-family: Monaco, Consolas, &quot;Bitstream Vera Sans Mono&quot;, &quot;Courier New&quot;, Courier, monospace !important; font-size: 1em !important; color: black !important; margin: 0px !important; padding: 0px !important; border: 0px !important; line-height: 1.1em !important; vertical-align: baseline !important; border-radius: 0px !important; background: none !important; bottom: auto !important; float: none !important; height: auto !important; left: auto !important; outline: 0px !important; overflow: visible !important; position: static !important; right: auto !important; top: auto !important; width: auto !important; direction: ltr !important; box-shadow: none !important; display: inline !important;\">&gt; Baris 3 &amp; 4, Kolom 1&lt;/</code><code class=\"html keyword\" style=\"word-break: break-word; font-variant: inherit; font-stretch: inherit; box-sizing: content-box !important; font-family: Monaco, Consolas, &quot;Bitstream Vera Sans Mono&quot;, &quot;Courier New&quot;, Courier, monospace !important; font-size: 1em !important; color: rgb(0, 102, 153) !important; margin: 0px !important; padding: 0px !important; border: 0px !important; font-weight: bold !important; line-height: 1.1em !important; vertical-align: baseline !important; border-radius: 0px !important; background: none !important; bottom: auto !important; float: none !important; height: auto !important; left: auto !important; outline: 0px !important; overflow: visible !important; position: static !important; right: auto !important; top: auto !important; width: auto !important; direction: ltr !important; box-shadow: none !important; display: inline !important;\">td</code><code class=\"html plain\" style=\"word-break: break-word; font-variant: inherit; font-stretch: inherit; box-sizing: content-box !important; font-family: Monaco, Consolas, &quot;Bitstream Vera Sans Mono&quot;, &quot;Courier New&quot;, Courier, monospace !important; font-size: 1em !important; color: black !important; margin: 0px !important; padding: 0px !important; border: 0px !important; line-height: 1.1em !important; vertical-align: baseline !important; border-radius: 0px !important; background: none !important; bottom: auto !important; float: none !important; height: auto !important; left: auto !important; outline: 0px !important; overflow: visible !important; position: static !important; right: auto !important; top: auto !important; width: auto !important; direction: ltr !important; box-shadow: none !important; display: inline !important;\">&gt;<br></code><code class=\"html spaces\" style=\"color: rgb(232, 62, 140); word-break: break-word; font-variant: inherit; font-stretch: inherit; box-sizing: content-box !important; font-family: Monaco, Consolas, &quot;Bitstream Vera Sans Mono&quot;, &quot;Courier New&quot;, Courier, monospace !important; font-size: 1em !important; margin: 0px !important; padding: 0px !important; border: 0px !important; line-height: 1.1em !important; vertical-align: baseline !important; border-radius: 0px !important; background: none !important; bottom: auto !important; float: none !important; height: auto !important; left: auto !important; outline: 0px !important; overflow: visible !important; position: static !important; right: auto !important; top: auto !important; width: auto !important; direction: ltr !important; box-shadow: none !important; display: inline !important;\">&nbsp;&nbsp;&nbsp;&nbsp;&nbsp;&nbsp;&nbsp;&nbsp;</code><code class=\"html plain\" style=\"word-break: break-word; font-variant: inherit; font-stretch: inherit; box-sizing: content-box !important; font-family: Monaco, Consolas, &quot;Bitstream Vera Sans Mono&quot;, &quot;Courier New&quot;, Courier, monospace !important; font-size: 1em !important; color: black !important; margin: 0px !important; padding: 0px !important; border: 0px !important; line-height: 1.1em !important; vertical-align: baseline !important; border-radius: 0px !important; background: none !important; bottom: auto !important; float: none !important; height: auto !important; left: auto !important; outline: 0px !important; overflow: visible !important; position: static !important; right: auto !important; top: auto !important; width: auto !important; direction: ltr !important; box-shadow: none !important; display: inline !important;\">&lt;</code><code class=\"html keyword\" style=\"word-break: break-word; font-variant: inherit; font-stretch: inherit; box-sizing: content-box !important; font-family: Monaco, Consolas, &quot;Bitstream Vera Sans Mono&quot;, &quot;Courier New&quot;, Courier, monospace !important; font-size: 1em !important; color: rgb(0, 102, 153) !important; margin: 0px !important; padding: 0px !important; border: 0px !important; font-weight: bold !important; line-height: 1.1em !important; vertical-align: baseline !important; border-radius: 0px !important; background: none !important; bottom: auto !important; float: none !important; height: auto !important; left: auto !important; outline: 0px !important; overflow: visible !important; position: static !important; right: auto !important; top: auto !important; width: auto !important; direction: ltr !important; box-shadow: none !important; display: inline !important;\">td</code><code class=\"html plain\" style=\"word-break: break-word; font-variant: inherit; font-stretch: inherit; box-sizing: content-box !important; font-family: Monaco, Consolas, &quot;Bitstream Vera Sans Mono&quot;, &quot;Courier New&quot;, Courier, monospace !important; font-size: 1em !important; color: black !important; margin: 0px !important; padding: 0px !important; border: 0px !important; line-height: 1.1em !important; vertical-align: baseline !important; border-radius: 0px !important; background: none !important; bottom: auto !important; float: none !important; height: auto !important; left: auto !important; outline: 0px !important; overflow: visible !important; position: static !important; right: auto !important; top: auto !important; width: auto !important; direction: ltr !important; box-shadow: none !important; display: inline !important;\">&gt; Baris 3, Kolom 2&lt;/</code><code class=\"html keyword\" style=\"word-break: break-word; font-variant: inherit; font-stretch: inherit; box-sizing: content-box !important; font-family: Monaco, Consolas, &quot;Bitstream Vera Sans Mono&quot;, &quot;Courier New&quot;, Courier, monospace !important; font-size: 1em !important; color: rgb(0, 102, 153) !important; margin: 0px !important; padding: 0px !important; border: 0px !important; font-weight: bold !important; line-height: 1.1em !important; vertical-align: baseline !important; border-radius: 0px !important; background: none !important; bottom: auto !important; float: none !important; height: auto !important; left: auto !important; outline: 0px !important; overflow: visible !important; position: static !important; right: auto !important; top: auto !important; width: auto !important; direction: ltr !important; box-shadow: none !important; display: inline !important;\">td</code><code class=\"html plain\" style=\"word-break: break-word; font-variant: inherit; font-stretch: inherit; box-sizing: content-box !important; font-family: Monaco, Consolas, &quot;Bitstream Vera Sans Mono&quot;, &quot;Courier New&quot;, Courier, monospace !important; font-size: 1em !important; color: black !important; margin: 0px !important; padding: 0px !important; border: 0px !important; line-height: 1.1em !important; vertical-align: baseline !important; border-radius: 0px !important; background: none !important; bottom: auto !important; float: none !important; height: auto !important; left: auto !important; outline: 0px !important; overflow: visible !important; position: static !important; right: auto !important; top: auto !important; width: auto !important; direction: ltr !important; box-shadow: none !important; display: inline !important;\">&gt;<br></code><code class=\"html spaces\" style=\"color: rgb(232, 62, 140); word-break: break-word; font-variant: inherit; font-stretch: inherit; box-sizing: content-box !important; font-family: Monaco, Consolas, &quot;Bitstream Vera Sans Mono&quot;, &quot;Courier New&quot;, Courier, monospace !important; font-size: 1em !important; margin: 0px !important; padding: 0px !important; border: 0px !important; line-height: 1.1em !important; vertical-align: baseline !important; border-radius: 0px !important; background: none !important; bottom: auto !important; float: none !important; height: auto !important; left: auto !important; outline: 0px !important; overflow: visible !important; position: static !important; right: auto !important; top: auto !important; width: auto !important; direction: ltr !important; box-shadow: none !important; display: inline !important;\">&nbsp;&nbsp;&nbsp;&nbsp;&nbsp;&nbsp;&nbsp;&nbsp;</code><code class=\"html plain\" style=\"word-break: break-word; font-variant: inherit; font-stretch: inherit; box-sizing: content-box !important; font-family: Monaco, Consolas, &quot;Bitstream Vera Sans Mono&quot;, &quot;Courier New&quot;, Courier, monospace !important; font-size: 1em !important; color: black !important; margin: 0px !important; padding: 0px !important; border: 0px !important; line-height: 1.1em !important; vertical-align: baseline !important; border-radius: 0px !important; background: none !important; bottom: auto !important; float: none !important; height: auto !important; left: auto !important; outline: 0px !important; overflow: visible !important; position: static !important; right: auto !important; top: auto !important; width: auto !important; direction: ltr !important; box-shadow: none !important; display: inline !important;\">&lt;</code><code class=\"html keyword\" style=\"word-break: break-word; font-variant: inherit; font-stretch: inherit; box-sizing: content-box !important; font-family: Monaco, Consolas, &quot;Bitstream Vera Sans Mono&quot;, &quot;Courier New&quot;, Courier, monospace !important; font-size: 1em !important; color: rgb(0, 102, 153) !important; margin: 0px !important; padding: 0px !important; border: 0px !important; font-weight: bold !important; line-height: 1.1em !important; vertical-align: baseline !important; border-radius: 0px !important; background: none !important; bottom: auto !important; float: none !important; height: auto !important; left: auto !important; outline: 0px !important; overflow: visible !important; position: static !important; right: auto !important; top: auto !important; width: auto !important; direction: ltr !important; box-shadow: none !important; display: inline !important;\">td</code><code class=\"html plain\" style=\"word-break: break-word; font-variant: inherit; font-stretch: inherit; box-sizing: content-box !important; font-family: Monaco, Consolas, &quot;Bitstream Vera Sans Mono&quot;, &quot;Courier New&quot;, Courier, monospace !important; font-size: 1em !important; color: black !important; margin: 0px !important; padding: 0px !important; border: 0px !important; line-height: 1.1em !important; vertical-align: baseline !important; border-radius: 0px !important; background: none !important; bottom: auto !important; float: none !important; height: auto !important; left: auto !important; outline: 0px !important; overflow: visible !important; position: static !important; right: auto !important; top: auto !important; width: auto !important; direction: ltr !important; box-shadow: none !important; display: inline !important;\">&gt; Baris 3, Kolom 3&lt;/</code><code class=\"html keyword\" style=\"word-break: break-word; font-variant: inherit; font-stretch: inherit; box-sizing: content-box !important; font-family: Monaco, Consolas, &quot;Bitstream Vera Sans Mono&quot;, &quot;Courier New&quot;, Courier, monospace !important; font-size: 1em !important; color: rgb(0, 102, 153) !important; margin: 0px !important; padding: 0px !important; border: 0px !important; font-weight: bold !important; line-height: 1.1em !important; vertical-align: baseline !important; border-radius: 0px !important; background: none !important; bottom: auto !important; float: none !important; height: auto !important; left: auto !important; outline: 0px !important; overflow: visible !important; position: static !important; right: auto !important; top: auto !important; width: auto !important; direction: ltr !important; box-shadow: none !important; display: inline !important;\">td</code><code class=\"html plain\" style=\"word-break: break-word; font-variant: inherit; font-stretch: inherit; box-sizing: content-box !important; font-family: Monaco, Consolas, &quot;Bitstream Vera Sans Mono&quot;, &quot;Courier New&quot;, Courier, monospace !important; font-size: 1em !important; color: black !important; margin: 0px !important; padding: 0px !important; border: 0px !important; line-height: 1.1em !important; vertical-align: baseline !important; border-radius: 0px !important; background: none !important; bottom: auto !important; float: none !important; height: auto !important; left: auto !important; outline: 0px !important; overflow: visible !important; position: static !important; right: auto !important; top: auto !important; width: auto !important; direction: ltr !important; box-shadow: none !important; display: inline !important;\">&gt;<br></code><code class=\"html spaces\" style=\"color: rgb(232, 62, 140); word-break: break-word; font-variant: inherit; font-stretch: inherit; box-sizing: content-box !important; font-family: Monaco, Consolas, &quot;Bitstream Vera Sans Mono&quot;, &quot;Courier New&quot;, Courier, monospace !important; font-size: 1em !important; margin: 0px !important; padding: 0px !important; border: 0px !important; line-height: 1.1em !important; vertical-align: baseline !important; border-radius: 0px !important; background: none !important; bottom: auto !important; float: none !important; height: auto !important; left: auto !important; outline: 0px !important; overflow: visible !important; position: static !important; right: auto !important; top: auto !important; width: auto !important; direction: ltr !important; box-shadow: none !important; display: inline !important;\">&nbsp;&nbsp;&nbsp;&nbsp;</code><code class=\"html plain\" style=\"word-break: break-word; font-variant: inherit; font-stretch: inherit; box-sizing: content-box !important; font-family: Monaco, Consolas, &quot;Bitstream Vera Sans Mono&quot;, &quot;Courier New&quot;, Courier, monospace !important; font-size: 1em !important; color: black !important; margin: 0px !important; padding: 0px !important; border: 0px !important; line-height: 1.1em !important; vertical-align: baseline !important; border-radius: 0px !important; background: none !important; bottom: auto !important; float: none !important; height: auto !important; left: auto !important; outline: 0px !important; overflow: visible !important; position: static !important; right: auto !important; top: auto !important; width: auto !important; direction: ltr !important; box-shadow: none !important; display: inline !important;\">&lt;/</code><code class=\"html keyword\" style=\"word-break: break-word; font-variant: inherit; font-stretch: inherit; box-sizing: content-box !important; font-family: Monaco, Consolas, &quot;Bitstream Vera Sans Mono&quot;, &quot;Courier New&quot;, Courier, monospace !important; font-size: 1em !important; color: rgb(0, 102, 153) !important; margin: 0px !important; padding: 0px !important; border: 0px !important; font-weight: bold !important; line-height: 1.1em !important; vertical-align: baseline !important; border-radius: 0px !important; background: none !important; bottom: auto !important; float: none !important; height: auto !important; left: auto !important; outline: 0px !important; overflow: visible !important; position: static !important; right: auto !important; top: auto !important; width: auto !important; direction: ltr !important; box-shadow: none !important; display: inline !important;\">tr</code><code class=\"html plain\" style=\"word-break: break-word; font-variant: inherit; font-stretch: inherit; box-sizing: content-box !important; font-family: Monaco, Consolas, &quot;Bitstream Vera Sans Mono&quot;, &quot;Courier New&quot;, Courier, monospace !important; font-size: 1em !important; color: black !important; margin: 0px !important; padding: 0px !important; border: 0px !important; line-height: 1.1em !important; vertical-align: baseline !important; border-radius: 0px !important; background: none !important; bottom: auto !important; float: none !important; height: auto !important; left: auto !important; outline: 0px !important; overflow: visible !important; position: static !important; right: auto !important; top: auto !important; width: auto !important; direction: ltr !important; box-shadow: none !important; display: inline !important;\">&gt;<br></code><code class=\"html spaces\" style=\"color: rgb(232, 62, 140); word-break: break-word; font-variant: inherit; font-stretch: inherit; box-sizing: content-box !important; font-family: Monaco, Consolas, &quot;Bitstream Vera Sans Mono&quot;, &quot;Courier New&quot;, Courier, monospace !important; font-size: 1em !important; margin: 0px !important; padding: 0px !important; border: 0px !important; line-height: 1.1em !important; vertical-align: baseline !important; border-radius: 0px !important; background: none !important; bottom: auto !important; float: none !important; height: auto !important; left: auto !important; outline: 0px !important; overflow: visible !important; position: static !important; right: auto !important; top: auto !important; width: auto !important; direction: ltr !important; box-shadow: none !important; display: inline !important;\">&nbsp;&nbsp;&nbsp;&nbsp;</code><code class=\"html plain\" style=\"word-break: break-word; font-variant: inherit; font-stretch: inherit; box-sizing: content-box !important; font-family: Monaco, Consolas, &quot;Bitstream Vera Sans Mono&quot;, &quot;Courier New&quot;, Courier, monospace !important; font-size: 1em !important; color: black !important; margin: 0px !important; padding: 0px !important; border: 0px !important; line-height: 1.1em !important; vertical-align: baseline !important; border-radius: 0px !important; background: none !important; bottom: auto !important; float: none !important; height: auto !important; left: auto !important; outline: 0px !important; overflow: visible !important; position: static !important; right: auto !important; top: auto !important; width: auto !important; direction: ltr !important; box-shadow: none !important; display: inline !important;\">&lt;</code><code class=\"html keyword\" style=\"word-break: break-word; font-variant: inherit; font-stretch: inherit; box-sizing: content-box !important; font-family: Monaco, Consolas, &quot;Bitstream Vera Sans Mono&quot;, &quot;Courier New&quot;, Courier, monospace !important; font-size: 1em !important; color: rgb(0, 102, 153) !important; margin: 0px !important; padding: 0px !important; border: 0px !important; font-weight: bold !important; line-height: 1.1em !important; vertical-align: baseline !important; border-radius: 0px !important; background: none !important; bottom: auto !important; float: none !important; height: auto !important; left: auto !important; outline: 0px !important; overflow: visible !important; position: static !important; right: auto !important; top: auto !important; width: auto !important; direction: ltr !important; box-shadow: none !important; display: inline !important;\">tr</code><code class=\"html plain\" style=\"word-break: break-word; font-variant: inherit; font-stretch: inherit; box-sizing: content-box !important; font-family: Monaco, Consolas, &quot;Bitstream Vera Sans Mono&quot;, &quot;Courier New&quot;, Courier, monospace !important; font-size: 1em !important; color: black !important; margin: 0px !important; padding: 0px !important; border: 0px !important; line-height: 1.1em !important; vertical-align: baseline !important; border-radius: 0px !important; background: none !important; bottom: auto !important; float: none !important; height: auto !important; left: auto !important; outline: 0px !important; overflow: visible !important; position: static !important; right: auto !important; top: auto !important; width: auto !important; direction: ltr !important; box-shadow: none !important; display: inline !important;\">&gt;<br></code><code class=\"html spaces\" style=\"color: rgb(232, 62, 140); word-break: break-word; font-variant: inherit; font-stretch: inherit; box-sizing: content-box !important; font-family: Monaco, Consolas, &quot;Bitstream Vera Sans Mono&quot;, &quot;Courier New&quot;, Courier, monospace !important; font-size: 1em !important; margin: 0px !important; padding: 0px !important; border: 0px !important; line-height: 1.1em !important; vertical-align: baseline !important; border-radius: 0px !important; background: none !important; bottom: auto !important; float: none !important; height: auto !important; left: auto !important; outline: 0px !important; overflow: visible !important; position: static !important; right: auto !important; top: auto !important; width: auto !important; direction: ltr !important; box-shadow: none !important; display: inline !important;\">&nbsp;&nbsp;&nbsp;&nbsp;&nbsp;&nbsp;&nbsp;&nbsp;</code><code class=\"html plain\" style=\"word-break: break-word; font-variant: inherit; font-stretch: inherit; box-sizing: content-box !important; font-family: Monaco, Consolas, &quot;Bitstream Vera Sans Mono&quot;, &quot;Courier New&quot;, Courier, monospace !important; font-size: 1em !important; color: black !important; margin: 0px !important; padding: 0px !important; border: 0px !important; line-height: 1.1em !important; vertical-align: baseline !important; border-radius: 0px !important; background: none !important; bottom: auto !important; float: none !important; height: auto !important; left: auto !important; outline: 0px !important; overflow: visible !important; position: static !important; right: auto !important; top: auto !important; width: auto !important; direction: ltr !important; box-shadow: none !important; display: inline !important;\">&lt;</code><code class=\"html keyword\" style=\"word-break: break-word; font-variant: inherit; font-stretch: inherit; box-sizing: content-box !important; font-family: Monaco, Consolas, &quot;Bitstream Vera Sans Mono&quot;, &quot;Courier New&quot;, Courier, monospace !important; font-size: 1em !important; color: rgb(0, 102, 153) !important; margin: 0px !important; padding: 0px !important; border: 0px !important; font-weight: bold !important; line-height: 1.1em !important; vertical-align: baseline !important; border-radius: 0px !important; background: none !important; bottom: auto !important; float: none !important; height: auto !important; left: auto !important; outline: 0px !important; overflow: visible !important; position: static !important; right: auto !important; top: auto !important; width: auto !important; direction: ltr !important; box-shadow: none !important; display: inline !important;\">td</code><code class=\"html plain\" style=\"word-break: break-word; font-variant: inherit; font-stretch: inherit; box-sizing: content-box !important; font-family: Monaco, Consolas, &quot;Bitstream Vera Sans Mono&quot;, &quot;Courier New&quot;, Courier, monospace !important; font-size: 1em !important; color: black !important; margin: 0px !important; padding: 0px !important; border: 0px !important; line-height: 1.1em !important; vertical-align: baseline !important; border-radius: 0px !important; background: none !important; bottom: auto !important; float: none !important; height: auto !important; left: auto !important; outline: 0px !important; overflow: visible !important; position: static !important; right: auto !important; top: auto !important; width: auto !important; direction: ltr !important; box-shadow: none !important; display: inline !important;\">&gt; Baris 4, Kolom 2&lt;/</code><code class=\"html keyword\" style=\"word-break: break-word; font-variant: inherit; font-stretch: inherit; box-sizing: content-box !important; font-family: Monaco, Consolas, &quot;Bitstream Vera Sans Mono&quot;, &quot;Courier New&quot;, Courier, monospace !important; font-size: 1em !important; color: rgb(0, 102, 153) !important; margin: 0px !important; padding: 0px !important; border: 0px !important; font-weight: bold !important; line-height: 1.1em !important; vertical-align: baseline !important; border-radius: 0px !important; background: none !important; bottom: auto !important; float: none !important; height: auto !important; left: auto !important; outline: 0px !important; overflow: visible !important; position: static !important; right: auto !important; top: auto !important; width: auto !important; direction: ltr !important; box-shadow: none !important; display: inline !important;\">td</code><code class=\"html plain\" style=\"word-break: break-word; font-variant: inherit; font-stretch: inherit; box-sizing: content-box !important; font-family: Monaco, Consolas, &quot;Bitstream Vera Sans Mono&quot;, &quot;Courier New&quot;, Courier, monospace !important; font-size: 1em !important; color: black !important; margin: 0px !important; padding: 0px !important; border: 0px !important; line-height: 1.1em !important; vertical-align: baseline !important; border-radius: 0px !important; background: none !important; bottom: auto !important; float: none !important; height: auto !important; left: auto !important; outline: 0px !important; overflow: visible !important; position: static !important; right: auto !important; top: auto !important; width: auto !important; direction: ltr !important; box-shadow: none !important; display: inline !important;\">&gt;<br></code><code class=\"html spaces\" style=\"color: rgb(232, 62, 140); word-break: break-word; font-variant: inherit; font-stretch: inherit; box-sizing: content-box !important; font-family: Monaco, Consolas, &quot;Bitstream Vera Sans Mono&quot;, &quot;Courier New&quot;, Courier, monospace !important; font-size: 1em !important; margin: 0px !important; padding: 0px !important; border: 0px !important; line-height: 1.1em !important; vertical-align: baseline !important; border-radius: 0px !important; background: none !important; bottom: auto !important; float: none !important; height: auto !important; left: auto !important; outline: 0px !important; overflow: visible !important; position: static !important; right: auto !important; top: auto !important; width: auto !important; direction: ltr !important; box-shadow: none !important; display: inline !important;\">&nbsp;&nbsp;&nbsp;&nbsp;&nbsp;&nbsp;&nbsp;&nbsp;</code><code class=\"html plain\" style=\"word-break: break-word; font-variant: inherit; font-stretch: inherit; box-sizing: content-box !important; font-family: Monaco, Consolas, &quot;Bitstream Vera Sans Mono&quot;, &quot;Courier New&quot;, Courier, monospace !important; font-size: 1em !important; color: black !important; margin: 0px !important; padding: 0px !important; border: 0px !important; line-height: 1.1em !important; vertical-align: baseline !important; border-radius: 0px !important; background: none !important; bottom: auto !important; float: none !important; height: auto !important; left: auto !important; outline: 0px !important; overflow: visible !important; position: static !important; right: auto !important; top: auto !important; width: auto !important; direction: ltr !important; box-shadow: none !important; display: inline !important;\">&lt;</code><code class=\"html keyword\" style=\"word-break: break-word; font-variant: inherit; font-stretch: inherit; box-sizing: content-box !important; font-family: Monaco, Consolas, &quot;Bitstream Vera Sans Mono&quot;, &quot;Courier New&quot;, Courier, monospace !important; font-size: 1em !important; color: rgb(0, 102, 153) !important; margin: 0px !important; padding: 0px !important; border: 0px !important; font-weight: bold !important; line-height: 1.1em !important; vertical-align: baseline !important; border-radius: 0px !important; background: none !important; bottom: auto !important; float: none !important; height: auto !important; left: auto !important; outline: 0px !important; overflow: visible !important; position: static !important; right: auto !important; top: auto !important; width: auto !important; direction: ltr !important; box-shadow: none !important; display: inline !important;\">td</code><code class=\"html plain\" style=\"word-break: break-word; font-variant: inherit; font-stretch: inherit; box-sizing: content-box !important; font-family: Monaco, Consolas, &quot;Bitstream Vera Sans Mono&quot;, &quot;Courier New&quot;, Courier, monospace !important; font-size: 1em !important; color: black !important; margin: 0px !important; padding: 0px !important; border: 0px !important; line-height: 1.1em !important; vertical-align: baseline !important; border-radius: 0px !important; background: none !important; bottom: auto !important; float: none !important; height: auto !important; left: auto !important; outline: 0px !important; overflow: visible !important; position: static !important; right: auto !important; top: auto !important; width: auto !important; direction: ltr !important; box-shadow: none !important; display: inline !important;\">&gt; Baris 4, Kolom 3&lt;/</code><code class=\"html keyword\" style=\"word-break: break-word; font-variant: inherit; font-stretch: inherit; box-sizing: content-box !important; font-family: Monaco, Consolas, &quot;Bitstream Vera Sans Mono&quot;, &quot;Courier New&quot;, Courier, monospace !important; font-size: 1em !important; color: rgb(0, 102, 153) !important; margin: 0px !important; padding: 0px !important; border: 0px !important; font-weight: bold !important; line-height: 1.1em !important; vertical-align: baseline !important; border-radius: 0px !important; background: none !important; bottom: auto !important; float: none !important; height: auto !important; left: auto !important; outline: 0px !important; overflow: visible !important; position: static !important; right: auto !important; top: auto !important; width: auto !important; direction: ltr !important; box-shadow: none !important; display: inline !important;\">td</code><code class=\"html plain\" style=\"word-break: break-word; font-variant: inherit; font-stretch: inherit; box-sizing: content-box !important; font-family: Monaco, Consolas, &quot;Bitstream Vera Sans Mono&quot;, &quot;Courier New&quot;, Courier, monospace !important; font-size: 1em !important; color: black !important; margin: 0px !important; padding: 0px !important; border: 0px !important; line-height: 1.1em !important; vertical-align: baseline !important; border-radius: 0px !important; background: none !important; bottom: auto !important; float: none !important; height: auto !important; left: auto !important; outline: 0px !important; overflow: visible !important; position: static !important; right: auto !important; top: auto !important; width: auto !important; direction: ltr !important; box-shadow: none !important; display: inline !important;\">&gt;<br></code><code class=\"html spaces\" style=\"color: rgb(232, 62, 140); word-break: break-word; font-variant: inherit; font-stretch: inherit; box-sizing: content-box !important; font-family: Monaco, Consolas, &quot;Bitstream Vera Sans Mono&quot;, &quot;Courier New&quot;, Courier, monospace !important; font-size: 1em !important; margin: 0px !important; padding: 0px !important; border: 0px !important; line-height: 1.1em !important; vertical-align: baseline !important; border-radius: 0px !important; background: none !important; bottom: auto !important; float: none !important; height: auto !important; left: auto !important; outline: 0px !important; overflow: visible !important; position: static !important; right: auto !important; top: auto !important; width: auto !important; direction: ltr !important; box-shadow: none !important; display: inline !important;\">&nbsp;&nbsp;&nbsp;&nbsp;</code><code class=\"html plain\" style=\"word-break: break-word; font-variant: inherit; font-stretch: inherit; box-sizing: content-box !important; font-family: Monaco, Consolas, &quot;Bitstream Vera Sans Mono&quot;, &quot;Courier New&quot;, Courier, monospace !important; font-size: 1em !important; color: black !important; margin: 0px !important; padding: 0px !important; border: 0px !important; line-height: 1.1em !important; vertical-align: baseline !important; border-radius: 0px !important; background: none !important; bottom: auto !important; float: none !important; height: auto !important; left: auto !important; outline: 0px !important; overflow: visible !important; position: static !important; right: auto !important; top: auto !important; width: auto !important; direction: ltr !important; box-shadow: none !important; display: inline !important;\">&lt;/</code><code class=\"html keyword\" style=\"word-break: break-word; font-variant: inherit; font-stretch: inherit; box-sizing: content-box !important; font-family: Monaco, Consolas, &quot;Bitstream Vera Sans Mono&quot;, &quot;Courier New&quot;, Courier, monospace !important; font-size: 1em !important; color: rgb(0, 102, 153) !important; margin: 0px !important; padding: 0px !important; border: 0px !important; font-weight: bold !important; line-height: 1.1em !important; vertical-align: baseline !important; border-radius: 0px !important; background: none !important; bottom: auto !important; float: none !important; height: auto !important; left: auto !important; outline: 0px !important; overflow: visible !important; position: static !important; right: auto !important; top: auto !important; width: auto !important; direction: ltr !important; box-shadow: none !important; display: inline !important;\">tr</code><code class=\"html plain\" style=\"word-break: break-word; font-variant: inherit; font-stretch: inherit; box-sizing: content-box !important; font-family: Monaco, Consolas, &quot;Bitstream Vera Sans Mono&quot;, &quot;Courier New&quot;, Courier, monospace !important; font-size: 1em !important; color: black !important; margin: 0px !important; padding: 0px !important; border: 0px !important; line-height: 1.1em !important; vertical-align: baseline !important; border-radius: 0px !important; background: none !important; bottom: auto !important; float: none !important; height: auto !important; left: auto !important; outline: 0px !important; overflow: visible !important; position: static !important; right: auto !important; top: auto !important; width: auto !important; direction: ltr !important; box-shadow: none !important; display: inline !important;\">&gt;<br></code><code class=\"html plain\" style=\"word-break: break-word; font-variant: inherit; font-stretch: inherit; box-sizing: content-box !important; font-family: Monaco, Consolas, &quot;Bitstream Vera Sans Mono&quot;, &quot;Courier New&quot;, Courier, monospace !important; font-size: 1em !important; color: black !important; margin: 0px !important; padding: 0px !important; border: 0px !important; line-height: 1.1em !important; vertical-align: baseline !important; border-radius: 0px !important; background: none !important; bottom: auto !important; float: none !important; height: auto !important; left: auto !important; outline: 0px !important; overflow: visible !important; position: static !important; right: auto !important; top: auto !important; width: auto !important; direction: ltr !important; box-shadow: none !important; display: inline !important;\">&lt;/</code><code class=\"html keyword\" style=\"word-break: break-word; font-variant: inherit; font-stretch: inherit; box-sizing: content-box !important; font-family: Monaco, Consolas, &quot;Bitstream Vera Sans Mono&quot;, &quot;Courier New&quot;, Courier, monospace !important; font-size: 1em !important; color: rgb(0, 102, 153) !important; margin: 0px !important; padding: 0px !important; border: 0px !important; font-weight: bold !important; line-height: 1.1em !important; vertical-align: baseline !important; border-radius: 0px !important; background: none !important; bottom: auto !important; float: none !important; height: auto !important; left: auto !important; outline: 0px !important; overflow: visible !important; position: static !important; right: auto !important; top: auto !important; width: auto !important; direction: ltr !important; box-shadow: none !important; display: inline !important;\">table</code><code class=\"html plain\" style=\"word-break: break-word; font-variant: inherit; font-stretch: inherit; box-sizing: content-box !important; font-family: Monaco, Consolas, &quot;Bitstream Vera Sans Mono&quot;, &quot;Courier New&quot;, Courier, monospace !important; font-size: 1em !important; color: black !important; margin: 0px !important; padding: 0px !important; border: 0px !important; line-height: 1.1em !important; vertical-align: baseline !important; border-radius: 0px !important; background: none !important; bottom: auto !important; float: none !important; height: auto !important; left: auto !important; outline: 0px !important; overflow: visible !important; position: static !important; right: auto !important; top: auto !important; width: auto !important; direction: ltr !important; box-shadow: none !important; display: inline !important;\">&gt;<br></code><code class=\"html plain\" style=\"word-break: break-word; font-variant: inherit; font-stretch: inherit; box-sizing: content-box !important; font-family: Monaco, Consolas, &quot;Bitstream Vera Sans Mono&quot;, &quot;Courier New&quot;, Courier, monospace !important; font-size: 1em !important; color: black !important; margin: 0px !important; padding: 0px !important; border: 0px !important; line-height: 1.1em !important; vertical-align: baseline !important; border-radius: 0px !important; background: none !important; bottom: auto !important; float: none !important; height: auto !important; left: auto !important; outline: 0px !important; overflow: visible !important; position: static !important; right: auto !important; top: auto !important; width: auto !important; direction: ltr !important; box-shadow: none !important; display: inline !important;\">&lt;/</code><code class=\"html keyword\" style=\"word-break: break-word; font-variant: inherit; font-stretch: inherit; box-sizing: content-box !important; font-family: Monaco, Consolas, &quot;Bitstream Vera Sans Mono&quot;, &quot;Courier New&quot;, Courier, monospace !important; font-size: 1em !important; color: rgb(0, 102, 153) !important; margin: 0px !important; padding: 0px !important; border: 0px !important; font-weight: bold !important; line-height: 1.1em !important; vertical-align: baseline !important; border-radius: 0px !important; background: none !important; bottom: auto !important; float: none !important; height: auto !important; left: auto !important; outline: 0px !important; overflow: visible !important; position: static !important; right: auto !important; top: auto !important; width: auto !important; direction: ltr !important; box-shadow: none !important; display: inline !important;\">body</code><code class=\"html plain\" style=\"word-break: break-word; font-variant: inherit; font-stretch: inherit; box-sizing: content-box !important; font-family: Monaco, Consolas, &quot;Bitstream Vera Sans Mono&quot;, &quot;Courier New&quot;, Courier, monospace !important; font-size: 1em !important; color: black !important; margin: 0px !important; padding: 0px !important; border: 0px !important; line-height: 1.1em !important; vertical-align: baseline !important; border-radius: 0px !important; background: none !important; bottom: auto !important; float: none !important; height: auto !important; left: auto !important; outline: 0px !important; overflow: visible !important; position: static !important; right: auto !important; top: auto !important; width: auto !important; direction: ltr !important; box-shadow: none !important; display: inline !important;\">&gt;<br></code><code class=\"html plain\" style=\"word-break: break-word; font-variant: inherit; font-stretch: inherit; box-sizing: content-box !important; font-family: Monaco, Consolas, &quot;Bitstream Vera Sans Mono&quot;, &quot;Courier New&quot;, Courier, monospace !important; font-size: 1em !important; color: black !important; margin: 0px !important; padding: 0px !important; border: 0px !important; line-height: 1.1em !important; vertical-align: baseline !important; border-radius: 0px !important; background: none !important; bottom: auto !important; float: none !important; height: auto !important; left: auto !important; outline: 0px !important; overflow: visible !important; position: static !important; right: auto !important; top: auto !important; width: auto !important; direction: ltr !important; box-shadow: none !important; display: inline !important;\">&lt;/</code><code class=\"html keyword\" style=\"word-break: break-word; font-variant: inherit; font-stretch: inherit; box-sizing: content-box !important; font-family: Monaco, Consolas, &quot;Bitstream Vera Sans Mono&quot;, &quot;Courier New&quot;, Courier, monospace !important; font-size: 1em !important; color: rgb(0, 102, 153) !important; margin: 0px !important; padding: 0px !important; border: 0px !important; font-weight: bold !important; line-height: 1.1em !important; vertical-align: baseline !important; border-radius: 0px !important; background: none !important; bottom: auto !important; float: none !important; height: auto !important; left: auto !important; outline: 0px !important; overflow: visible !important; position: static !important; right: auto !important; top: auto !important; width: auto !important; direction: ltr !important; box-shadow: none !important; display: inline !important;\">html</code><code class=\"html plain\" style=\"word-break: break-word; font-variant: inherit; font-stretch: inherit; box-sizing: content-box !important; font-family: Monaco, Consolas, &quot;Bitstream Vera Sans Mono&quot;, &quot;Courier New&quot;, Courier, monospace !important; font-size: 1em !important; color: black !important; margin: 0px !important; padding: 0px !important; border: 0px !important; line-height: 1.1em !important; vertical-align: baseline !important; border-radius: 0px !important; background: none !important; bottom: auto !important; float: none !important; height: auto !important; left: auto !important; outline: 0px !important; overflow: visible !important; position: static !important; right: auto !important; top: auto !important; width: auto !important; direction: ltr !important; box-shadow: none !important; display: inline !important;\">&gt;</code></h6></div></td></tr></tbody></table></div></div><p style=\"margin-right: 0px; margin-bottom: 20px; margin-left: 0px; padding: 0px; border: 0px; font-variant-numeric: inherit; font-variant-east-asian: inherit; font-stretch: inherit; font-size: 16px; line-height: inherit; font-family: &quot;Open Sans&quot;; vertical-align: baseline; color: rgb(39, 39, 39);\">Dalam contoh diatas, kita dapat melihat bahwa tag<b style=\"font-weight: bold; margin: 0px; padding: 0px; border: 0px; font-style: inherit; font-variant: inherit; font-stretch: inherit; font-size: inherit; line-height: inherit; font-family: inherit; vertical-align: baseline;\">&nbsp;td</b>&nbsp;yang memiliki atribut<b style=\"font-weight: bold; margin: 0px; padding: 0px; border: 0px; font-style: inherit; font-variant: inherit; font-stretch: inherit; font-size: inherit; line-height: inherit; font-family: inherit; vertical-align: baseline;\">&nbsp;colspan</b><b style=\"font-weight: bold; margin: 0px; padding: 0px; border: 0px; font-style: inherit; font-variant: inherit; font-stretch: inherit; font-size: inherit; line-height: inherit; font-family: inherit; vertical-align: baseline;\">,</b>&nbsp;akan membuat sel tabel&nbsp;<i style=\"margin: 0px; padding: 0px; border: 0px; font-variant: inherit; font-weight: inherit; font-stretch: inherit; font-size: inherit; line-height: inherit; font-family: inherit; vertical-align: baseline;\">bersatu</i>&nbsp;dengan&nbsp;<span style=\"margin: 0px; padding: 0px; border: 0px; font: inherit; vertical-align: baseline; text-decoration-line: underline;\">kolom</span>&nbsp;disebelahnya. Sedangkan atribut<b style=\"font-weight: bold; margin: 0px; padding: 0px; border: 0px; font-style: inherit; font-variant: inherit; font-stretch: inherit; font-size: inherit; line-height: inherit; font-family: inherit; vertical-align: baseline;\">&nbsp;rowspan</b>&nbsp;akan membuat sel tabel bersatu dengan&nbsp;<span style=\"margin: 0px; padding: 0px; border: 0px; font: inherit; vertical-align: baseline; text-decoration-line: underline;\">baris</span>&nbsp;dibawahnya. Kedua atribut ini membutuhkan nilai (<i style=\"margin: 0px; padding: 0px; border: 0px; font-variant: inherit; font-weight: inherit; font-stretch: inherit; font-size: inherit; line-height: inherit; font-family: inherit; vertical-align: baseline;\">value</i>), dimana nilai ini adalah seberapa banyak sel tabel yang dibuat ‘<i style=\"margin: 0px; padding: 0px; border: 0px; font-variant: inherit; font-weight: inherit; font-stretch: inherit; font-size: inherit; line-height: inherit; font-family: inherit; vertical-align: baseline;\">bersatu’</i>.</p><p></p><p style=\"margin-right: 0px; margin-bottom: 20px; margin-left: 0px; padding: 0px; border: 0px; font-variant-numeric: inherit; font-variant-east-asian: inherit; font-stretch: inherit; font-size: 16px; line-height: inherit; font-family: &quot;Open Sans&quot;; vertical-align: baseline; color: rgb(39, 39, 39);\"><a href=\"https://www.duniailkom.com/wp-content/uploads/2013/11/Contoh-Penggunaan-Atribut-Colspan-dan-Rowspan-Tag-Tabel.png\" class=\"cboxElement\" style=\"color: rgb(36, 130, 193); margin: 0px; padding: 0px; border: 0px; font: inherit; vertical-align: baseline;\"></a></p><p></p><p style=\"box-sizing: border-box; margin: 0px 0px 20px; padding: 0px; border: 0px; font-style: normal; font-variant-ligatures: normal; font-variant-caps: normal; font-variant-numeric: inherit; font-variant-east-asian: inherit; font-weight: 400; font-stretch: inherit; font-size: 16px; line-height: inherit; font-family: &quot;Open Sans&quot;; vertical-align: baseline; color: rgb(39, 39, 39); letter-spacing: normal; orphans: 2; text-align: left; text-indent: 0px; text-transform: none; white-space: normal; widows: 2; word-spacing: 0px; -webkit-text-stroke-width: 0px; background-color: rgb(255, 255, 255); text-decoration-style: initial; text-decoration-color: initial;\">Misalkan<span>&nbsp;</span><b style=\"box-sizing: border-box; font-weight: bold; margin: 0px; padding: 0px; border: 0px; font-style: inherit; font-variant: inherit; font-stretch: inherit; font-size: inherit; line-height: inherit; font-family: inherit; vertical-align: baseline;\">colspan=’3’</b><span>&nbsp;</span>akan membuat 3 kolom bergabung menjadi 1 sel, dan<span>&nbsp;</span><b style=\"box-sizing: border-box; font-weight: bold; margin: 0px; padding: 0px; border: 0px; font-style: inherit; font-variant: inherit; font-stretch: inherit; font-size: inherit; line-height: inherit; font-family: inherit; vertical-align: baseline;\">rowspan=’2’</b><span>&nbsp;</span>akan membuat sel tabel bersatu dengan 1 baris dibawahnya.</p><p><br></p>', '2020-06-16 14:09:09', 123);
INSERT INTO `materis` (`id`, `id_subject`, `id_cikgu`, `id_rombel`, `id_angkatan`, `id_bab`, `submateri`, `youtube`, `isi_materi`, `waktu`, `urut`) VALUES
(193, 6, 3, 1, 1, 59, 'Subnetting dan VLSM', 'nQlzGVBLNwY', NULL, '2020-06-16 13:54:05', 22);

-- --------------------------------------------------------

--
-- Table structure for table `migrations`
--

CREATE TABLE `migrations` (
  `id` int(10) UNSIGNED NOT NULL,
  `migration` varchar(255) COLLATE utf8mb4_unicode_ci NOT NULL,
  `batch` int(11) NOT NULL
) ENGINE=InnoDB DEFAULT CHARSET=utf8mb4 COLLATE=utf8mb4_unicode_ci;

--
-- Dumping data for table `migrations`
--

INSERT INTO `migrations` (`id`, `migration`, `batch`) VALUES
(1, '2014_10_12_000000_create_users_table', 1),
(2, '2014_10_12_100000_create_password_resets_table', 1),
(3, '2019_08_19_000000_create_failed_jobs_table', 1),
(4, '2020_05_06_044537_create_permission_tables', 2),
(5, '2020_05_06_134940_create_jadwals_table', 3),
(6, '2020_05_07_052930_create_kbms_table', 4),
(7, '2020_05_07_065937_create_kbms_table', 5);

-- --------------------------------------------------------

--
-- Table structure for table `model_has_permissions`
--

CREATE TABLE `model_has_permissions` (
  `permission_id` bigint(20) UNSIGNED NOT NULL,
  `model_type` varchar(255) COLLATE utf8mb4_unicode_ci NOT NULL,
  `model_id` bigint(20) UNSIGNED NOT NULL
) ENGINE=InnoDB DEFAULT CHARSET=utf8mb4 COLLATE=utf8mb4_unicode_ci;

-- --------------------------------------------------------

--
-- Table structure for table `model_has_roles`
--

CREATE TABLE `model_has_roles` (
  `role_id` bigint(20) UNSIGNED NOT NULL,
  `model_type` varchar(255) COLLATE utf8mb4_unicode_ci NOT NULL,
  `model_id` bigint(20) UNSIGNED NOT NULL
) ENGINE=InnoDB DEFAULT CHARSET=utf8mb4 COLLATE=utf8mb4_unicode_ci;

--
-- Dumping data for table `model_has_roles`
--

INSERT INTO `model_has_roles` (`role_id`, `model_type`, `model_id`) VALUES
(1, 'App\\User', 1),
(3, 'App\\User', 40),
(3, 'App\\User', 41),
(3, 'App\\User', 47),
(5, 'App\\User', 43),
(5, 'App\\User', 46),
(5, 'App\\User', 49),
(5, 'App\\User', 51),
(5, 'App\\User', 54),
(5, 'App\\User', 57),
(5, 'App\\User', 59),
(5, 'App\\User', 65),
(5, 'App\\User', 66),
(5, 'App\\User', 69),
(6, 'App\\User', 42),
(6, 'App\\User', 44),
(6, 'App\\User', 45),
(6, 'App\\User', 48),
(6, 'App\\User', 50),
(6, 'App\\User', 52),
(6, 'App\\User', 53),
(6, 'App\\User', 55),
(6, 'App\\User', 56),
(6, 'App\\User', 61),
(6, 'App\\User', 62),
(6, 'App\\User', 63),
(6, 'App\\User', 64),
(6, 'App\\User', 67);

-- --------------------------------------------------------

--
-- Table structure for table `password_resets`
--

CREATE TABLE `password_resets` (
  `email` varchar(255) COLLATE utf8mb4_unicode_ci NOT NULL,
  `token` varchar(255) COLLATE utf8mb4_unicode_ci NOT NULL,
  `created_at` timestamp NULL DEFAULT NULL
) ENGINE=InnoDB DEFAULT CHARSET=utf8mb4 COLLATE=utf8mb4_unicode_ci;

--
-- Dumping data for table `password_resets`
--

INSERT INTO `password_resets` (`email`, `token`, `created_at`) VALUES
('uviemath13@gmail.com', '$2y$10$c7R58USITgOI7bWb77woKeS5S.EoVkj72XSc8pi7baRz5XKCRATsS', '2020-07-02 08:51:45');

-- --------------------------------------------------------

--
-- Table structure for table `pembimbing_halaqohs`
--

CREATE TABLE `pembimbing_halaqohs` (
  `id` int(11) NOT NULL,
  `id_pembimbing` int(11) NOT NULL,
  `id_cikgu` int(11) NOT NULL,
  `id_kelompok` int(11) NOT NULL
) ENGINE=InnoDB DEFAULT CHARSET=utf8mb4;

--
-- Dumping data for table `pembimbing_halaqohs`
--

INSERT INTO `pembimbing_halaqohs` (`id`, `id_pembimbing`, `id_cikgu`, `id_kelompok`) VALUES
(1, 1, 3, 1);

-- --------------------------------------------------------

--
-- Table structure for table `penilaians`
--

CREATE TABLE `penilaians` (
  `id` int(11) NOT NULL,
  `id_rombel` int(11) NOT NULL,
  `id_subject` int(11) NOT NULL,
  `id_cikgu` int(11) NOT NULL,
  `id_ujian` int(11) NOT NULL,
  `id_tipe` int(11) NOT NULL,
  `kkm` int(11) DEFAULT NULL,
  `materi` varchar(1000) NOT NULL,
  `soal1` longtext CHARACTER SET utf8mb4 COLLATE utf8mb4_bin DEFAULT NULL,
  `soal2` longtext CHARACTER SET utf8mb4 COLLATE utf8mb4_bin DEFAULT NULL,
  `soal3` longtext DEFAULT NULL,
  `soal4` longtext DEFAULT NULL,
  `hasil` longtext DEFAULT NULL,
  `akses` longtext DEFAULT NULL,
  `tanggal_mulai` date DEFAULT NULL,
  `tanggal_selesai` date DEFAULT NULL,
  `waktu_mulai` time DEFAULT NULL,
  `waktu_selesai` time DEFAULT NULL,
  `durasi` int(11) NOT NULL,
  `remidial` int(11) NOT NULL,
  `disable_waktu` int(11) DEFAULT NULL,
  `tampil_nilai` int(11) DEFAULT NULL,
  `id_ta` int(11) DEFAULT NULL,
  `semester` int(11) DEFAULT NULL
) ENGINE=MyISAM DEFAULT CHARSET=latin1;

--
-- Dumping data for table `penilaians`
--

INSERT INTO `penilaians` (`id`, `id_rombel`, `id_subject`, `id_cikgu`, `id_ujian`, `id_tipe`, `kkm`, `materi`, `soal1`, `soal2`, `soal3`, `soal4`, `hasil`, `akses`, `tanggal_mulai`, `tanggal_selesai`, `waktu_mulai`, `waktu_selesai`, `durasi`, `remidial`, `disable_waktu`, `tampil_nilai`, `id_ta`, `semester`) VALUES
(247, 1, 6, 3, 1, 2, 60, 'Routing', '[{\"t\":\"pg\",\"s\":\"xr\"}]', '[{\"t\":\"pg\",\"s\":\"xr\"}]', '[{\"t\":\"pg\",\"s\":\"xr\"}]', NULL, '[{\"s\":\"10011111\",\"n\":\"08\"},{\"s\":\"123456759\",\"n\":null},{\"s\":\"123456789\",\"n\":null},{\"s\":\"123456689\",\"n\":null}]', '[{\"s\":10011111,\"a\":\"1\"},{\"s\":123456759,\"a\":\"1\"},{\"s\":123456789,\"a\":\"1\"},{\"s\":123456689,\"a\":\"1\"}]', NULL, NULL, '00:00:00', '00:00:00', 80, 1, 1, NULL, 1, 1);

-- --------------------------------------------------------

--
-- Table structure for table `penilaian_siswas`
--

CREATE TABLE `penilaian_siswas` (
  `id` int(11) NOT NULL,
  `id_penilaian` int(11) NOT NULL,
  `id_subject` int(11) NOT NULL,
  `id_rombel` int(11) NOT NULL,
  `id_cikgu` int(11) NOT NULL,
  `id_ta` int(11) NOT NULL,
  `semester` int(11) NOT NULL,
  `nis` char(12) NOT NULL,
  `tanggal` datetime NOT NULL DEFAULT current_timestamp(),
  `tanggal_update` datetime DEFAULT current_timestamp(),
  `nilai` int(11) NOT NULL,
  `attemp` int(11) DEFAULT NULL,
  `status` int(11) DEFAULT NULL,
  `sisa_waktu` int(11) DEFAULT NULL,
  `jawab_soal1` longtext DEFAULT NULL,
  `jawab_soal2` longtext DEFAULT NULL,
  `jawab_soal3` longtext DEFAULT NULL
) ENGINE=InnoDB DEFAULT CHARSET=utf8mb4;

--
-- Dumping data for table `penilaian_siswas`
--

INSERT INTO `penilaian_siswas` (`id`, `id_penilaian`, `id_subject`, `id_rombel`, `id_cikgu`, `id_ta`, `semester`, `nis`, `tanggal`, `tanggal_update`, `nilai`, `attemp`, `status`, `sisa_waktu`, `jawab_soal1`, `jawab_soal2`, `jawab_soal3`) VALUES
(358, 231, 6, 1, 3, 1, 1, '10011111', '2020-06-30 01:17:00', '2020-06-30 01:17:45', 0, 1, 1, 0, '[]', '[{\"k\":null,\"n\":\"59\"}]', '[]');

-- --------------------------------------------------------

--
-- Table structure for table `permissions`
--

CREATE TABLE `permissions` (
  `id` bigint(20) UNSIGNED NOT NULL,
  `name` varchar(255) COLLATE utf8mb4_unicode_ci NOT NULL,
  `guard_name` varchar(255) COLLATE utf8mb4_unicode_ci NOT NULL,
  `created_at` timestamp NULL DEFAULT NULL,
  `updated_at` timestamp NULL DEFAULT NULL
) ENGINE=InnoDB DEFAULT CHARSET=utf8mb4 COLLATE=utf8mb4_unicode_ci;

-- --------------------------------------------------------

--
-- Table structure for table `presentasi_nilai`
--

CREATE TABLE `presentasi_nilai` (
  `id` int(11) NOT NULL,
  `id_subject` int(11) NOT NULL,
  `id_cikgu` int(11) NOT NULL,
  `Presentasi` longtext NOT NULL
) ENGINE=InnoDB DEFAULT CHARSET=utf8mb4;

-- --------------------------------------------------------

--
-- Table structure for table `rekaman_halaqoh_onlines`
--

CREATE TABLE `rekaman_halaqoh_onlines` (
  `id` int(11) NOT NULL,
  `tanggal` date DEFAULT NULL,
  `id_halaqoh` int(11) NOT NULL,
  `nis` char(12) NOT NULL,
  `id_kelompok` int(11) NOT NULL,
  `surat_mulai` int(11) NOT NULL,
  `ayat_mulai` int(11) NOT NULL,
  `surat_akhir` int(11) NOT NULL,
  `ayat_akhir` int(11) NOT NULL,
  `rekaman` longtext NOT NULL,
  `check` int(11) NOT NULL,
  `komentar` text DEFAULT NULL,
  `id_ta` int(11) NOT NULL,
  `semester` int(11) NOT NULL
) ENGINE=InnoDB DEFAULT CHARSET=utf8mb4;

--
-- Dumping data for table `rekaman_halaqoh_onlines`
--

INSERT INTO `rekaman_halaqoh_onlines` (`id`, `tanggal`, `id_halaqoh`, `nis`, `id_kelompok`, `surat_mulai`, `ayat_mulai`, `surat_akhir`, `ayat_akhir`, `rekaman`, `check`, `komentar`, `id_ta`, `semester`) VALUES
(41, '2020-06-28', 20, '10011111', 1, 1, 1, 1, 2, 'https://drive.google.com/file/d/1-c9qIKp_ambqg_KzH-AtOik__7GeeRyn/preview', 1, NULL, 1, 1),
(42, '2020-06-27', 19, '10011111', 1, 1, 222, 1, 2, 'https://drive.google.com/file/d/1ARASTqGrVmEmXMOKSKGZqOW33tE3WkFC/preview', 1, NULL, 1, 1);

-- --------------------------------------------------------

--
-- Table structure for table `roles`
--

CREATE TABLE `roles` (
  `id` bigint(20) UNSIGNED NOT NULL,
  `name` varchar(255) COLLATE utf8mb4_unicode_ci NOT NULL,
  `guard_name` varchar(255) COLLATE utf8mb4_unicode_ci NOT NULL,
  `created_at` timestamp NULL DEFAULT NULL,
  `updated_at` timestamp NULL DEFAULT NULL
) ENGINE=InnoDB DEFAULT CHARSET=utf8mb4 COLLATE=utf8mb4_unicode_ci;

--
-- Dumping data for table `roles`
--

INSERT INTO `roles` (`id`, `name`, `guard_name`, `created_at`, `updated_at`) VALUES
(1, 'admin', 'web', '2020-05-05 22:38:34', '2020-05-05 22:38:34'),
(2, 'kepala_sekolah', 'web', '2020-05-05 22:38:40', '2020-05-05 22:38:40'),
(3, 'guru', 'web', '2020-05-05 22:38:53', '2020-05-05 22:38:53'),
(4, 'nonuser', 'web', '2020-05-06 00:37:46', '2020-05-06 00:37:46'),
(5, 'siswa', 'web', '2020-05-06 00:37:46', '2020-05-06 00:37:46'),
(6, 'wali', 'web', '2020-05-06 00:37:46', '2020-05-06 00:37:46'),
(7, 'guru2', 'api', '2020-05-05 22:38:53', '2020-05-05 22:38:53');

-- --------------------------------------------------------

--
-- Table structure for table `role_has_permissions`
--

CREATE TABLE `role_has_permissions` (
  `permission_id` bigint(20) UNSIGNED NOT NULL,
  `role_id` bigint(20) UNSIGNED NOT NULL
) ENGINE=InnoDB DEFAULT CHARSET=utf8mb4 COLLATE=utf8mb4_unicode_ci;

-- --------------------------------------------------------

--
-- Table structure for table `rombels`
--

CREATE TABLE `rombels` (
  `id_rombel` int(10) NOT NULL,
  `nama_rombel` varchar(100) NOT NULL,
  `status` varchar(25) NOT NULL,
  `time_stamp` timestamp NOT NULL DEFAULT current_timestamp()
) ENGINE=InnoDB DEFAULT CHARSET=utf8mb4;

--
-- Dumping data for table `rombels`
--

INSERT INTO `rombels` (`id_rombel`, `nama_rombel`, `status`, `time_stamp`) VALUES
(1, 'X Teknik Komputer dan Jaringan', 'Active', '2020-03-20 10:50:56'),
(2, 'X Rekayasa Perangkat Lunak', 'Active', '2020-03-20 10:50:56'),
(3, 'XI Teknik Komputer dan Jaringan', 'Active', '2020-03-20 10:50:56'),
(4, 'XI Rekayasa Perangkat Lunak', 'Active', '2020-03-20 10:50:56'),
(5, 'XII Teknik Komputer dan Jaringan', 'Active', '2020-03-20 10:50:56');

-- --------------------------------------------------------

--
-- Table structure for table `rombel_halaqohs`
--

CREATE TABLE `rombel_halaqohs` (
  `id` int(11) NOT NULL,
  `status` int(11) NOT NULL,
  `nis` char(11) NOT NULL,
  `id_pembimbing` int(11) NOT NULL,
  `id_kelompok` int(11) NOT NULL,
  `id_ta` int(11) NOT NULL,
  `semester` int(11) NOT NULL,
  `id_rombel` int(11) NOT NULL
) ENGINE=InnoDB DEFAULT CHARSET=utf8mb4;

--
-- Dumping data for table `rombel_halaqohs`
--

INSERT INTO `rombel_halaqohs` (`id`, `status`, `nis`, `id_pembimbing`, `id_kelompok`, `id_ta`, `semester`, `id_rombel`) VALUES
(1, 1, '10011111', 1, 1, 1, 1, 1),
(5, 1, '123456689', 1, 1, 1, 1, 1),
(6, 1, '123456759', 1, 1, 1, 1, 1);

-- --------------------------------------------------------

--
-- Table structure for table `students`
--

CREATE TABLE `students` (
  `nis` char(20) NOT NULL,
  `nama` varchar(100) NOT NULL,
  `username` varchar(100) NOT NULL,
  `email` varchar(255) NOT NULL,
  `tanggal` int(11) NOT NULL,
  `jurusan` int(11) NOT NULL,
  `tempat` varchar(100) NOT NULL,
  `bulan` int(11) NOT NULL,
  `tahun` int(11) NOT NULL,
  `nama_ayah` varchar(255) NOT NULL,
  `nama_ibu` varchar(255) NOT NULL,
  `asal_sekolah` varchar(100) NOT NULL,
  `tahun_masuk` int(10) NOT NULL,
  `status` int(11) DEFAULT NULL,
  `created_at` timestamp NOT NULL DEFAULT current_timestamp(),
  `id` int(11) NOT NULL
) ENGINE=InnoDB DEFAULT CHARSET=utf8mb4;

--
-- Dumping data for table `students`
--

INSERT INTO `students` (`nis`, `nama`, `username`, `email`, `tanggal`, `jurusan`, `tempat`, `bulan`, `tahun`, `nama_ayah`, `nama_ibu`, `asal_sekolah`, `tahun_masuk`, `status`, `created_at`, `id`) VALUES
('0042197696', 'Ferdiansyah Ibnu Hafizh', 'ferdiansyah', 'ferdif145@gmail.com', 15, 1, 'DKI jakarta', 2, 2004, 'Mochammad Ali Dahlan', 'Mamay Kusmayati', 'MTSn 14 Jakarta', 2020, 1, '2020-07-03 07:18:09', 8),
('0043386036', 'Muhamad Abdul Muhyidin', 'AbdulMuhyidin', 'muhyiii47@gmail.com', 19, 2, 'Sumedang', 12, 2004, 'Iwan Abdurahman', 'Yuli Suganda', 'SMP Al Minhaj Tamansari', 2020, 1, '2020-07-03 06:01:17', 7),
('0046477742', 'Anang s', 'Anang', 'anangsetyawan52.as@gmail.com', 28, 1, 'Sleman', 1, 1973, 'anang Setyawan', 'Lusriyanti', 'Smpit Alhidayah', 2016, 1, '2020-07-03 21:48:22', 29),
('0048621268', 'Muhammad Faiz AL Ghozi', 'Ghozy03', 'muhammadfaizalghozi1@gmail.com', 23, 2, 'Bojonegoro', 9, 2004, 'Abdul Hakim Amrulloh', 'Niharul Kiromah', 'Pondok Pesantren Riyadlussalam', 2020, 1, '2020-07-03 13:54:49', 16),
('0048850591', 'Danendra', 'Assassin', 'danendrapr55@gmail.com', 3, 1, 'Gorontalo', 12, 2004, 'Henry prawiroamijoyo', 'Yolanda Ibrahim', 'Mandiri an nuur', 2016, 1, '2020-07-03 07:34:10', 9),
('0051070353', 'Ilham ainulyaqin', 'Ilham.', 'ilham.a.04.14@gmail.com', 14, 1, 'Subang', 3, 2005, 'Damiri', 'Ati kurniasari', 'SMP Al minyak tamansari bogor', 2020, 1, '2020-07-03 15:12:36', 20),
('0052860885', 'Rifqi', 'rifqihasan', 'hasanrifqi0905@gmail.com', 30, 2, 'Majalengka', 9, 2005, 'Ibrohim Lubis', 'Enok Jueriah', 'SMPI RABBAANII', 2020, 1, '2020-07-03 14:20:54', 19),
('0056041120', 'Hasbi Mizan Azzami', 'Hasbi Mizan Azzami', 'hasbimizanazzami@gmail.com', 15, 1, 'Bekasi', 4, 2005, 'Agus Suparlan', 'Nurlela', 'SMP Negeri 199 Jakarta Timur', 2020, 1, '2020-07-03 10:47:49', 14),
('0056393275', 'Naufal Fadhilla', 'Dewi Vitrizia', 'dewivitrizia3010@gmail.com', 17, 2, 'Jakarta', 12, 2004, 'Danang Irianto', 'Dewi Vitrizia', 'Smp MADINATUL QUR\'AN', 2020, 1, '2020-07-03 11:33:59', 15),
('10011111', 'ihsan', 'ihsan', 'ihsan@gmail.com', 27, 1, 'sukabumi', 1, 1992, 'samsudin', 'imas', 'smp mq', 2016, 1, '2020-06-29 18:16:59', 1),
('123456689', 'amung', 'siswas', 'rehanassrrow26@gmail.com', 27, 1, 'sukabumi', 1, 1992, 'samsudin', 'imas', 'smp mq', 2016, 1, '2020-06-29 17:39:04', 2),
('123456759', 'raihan', 'ihsanabuhanifahrttt', 'ihsa2222n@gmail.com', 25, 1, 'fff', 1, 1221, 'samsudin', 'imas', 'rrr', 2016, 1, '2020-06-29 17:45:39', 3),
('123456789', 'bayu', 'siswa', 'rehanarrow26@gmail.com', 27, 1, 'sukabumi', 1, 1992, 'samsudin', 'imas', 'smp mq', 2016, 1, '2020-06-29 17:39:04', 4),
('2147483647', 'Dummy', 'abu', 'dummy@gmail.com', 27, 1, 'Cirebon', 7, 1992, 'Imas', 'Samsung', 'SMP MUHAMMADIYAH', 2016, 1, '2020-07-02 08:54:07', 5);

-- --------------------------------------------------------

--
-- Table structure for table `student_rombels`
--

CREATE TABLE `student_rombels` (
  `no` int(11) NOT NULL,
  `nis` char(12) NOT NULL,
  `id_rombel` int(10) NOT NULL,
  `id_angkatan` int(11) NOT NULL,
  `semester` varchar(3) NOT NULL,
  `id_ta` int(10) NOT NULL,
  `time_stamp` timestamp NOT NULL DEFAULT current_timestamp()
) ENGINE=InnoDB DEFAULT CHARSET=utf8mb4;

--
-- Dumping data for table `student_rombels`
--

INSERT INTO `student_rombels` (`no`, `nis`, `id_rombel`, `id_angkatan`, `semester`, `id_ta`, `time_stamp`) VALUES
(1, '10011111', 1, 1, '2', 1, '2020-03-20 11:08:22'),
(75, '123456759', 1, 1, '2', 1, '2020-03-20 11:08:22'),
(76, '123456789', 1, 1, '2', 1, '2020-03-20 11:08:22'),
(78, '123456689', 1, 1, '2', 1, '2020-03-20 11:08:22');

-- --------------------------------------------------------

--
-- Table structure for table `surat_alqurans`
--

CREATE TABLE `surat_alqurans` (
  `id_surat` int(11) NOT NULL,
  `nama_surat` varchar(255) NOT NULL
) ENGINE=InnoDB DEFAULT CHARSET=utf8mb4;

--
-- Dumping data for table `surat_alqurans`
--

INSERT INTO `surat_alqurans` (`id_surat`, `nama_surat`) VALUES
(1, 'Alfatihah'),
(2, 'Albaqoroh');

-- --------------------------------------------------------

--
-- Table structure for table `tas`
--

CREATE TABLE `tas` (
  `id_ta` int(11) NOT NULL,
  `nama_ta` varchar(20) NOT NULL
) ENGINE=InnoDB DEFAULT CHARSET=utf8mb4;

--
-- Dumping data for table `tas`
--

INSERT INTO `tas` (`id_ta`, `nama_ta`) VALUES
(1, '2020/2021'),
(9, '2021/2022');

-- --------------------------------------------------------

--
-- Table structure for table `tipe_ujians`
--

CREATE TABLE `tipe_ujians` (
  `id_tipe` int(11) NOT NULL,
  `nama_tipe` varchar(100) NOT NULL
) ENGINE=MyISAM DEFAULT CHARSET=latin1;

--
-- Dumping data for table `tipe_ujians`
--

INSERT INTO `tipe_ujians` (`id_tipe`, `nama_tipe`) VALUES
(1, 'Praktek'),
(2, 'Teori');

-- --------------------------------------------------------

--
-- Table structure for table `users`
--

CREATE TABLE `users` (
  `id` bigint(20) UNSIGNED NOT NULL,
  `nisn` char(255) COLLATE utf8mb4_unicode_ci DEFAULT NULL,
  `name` varchar(255) COLLATE utf8mb4_unicode_ci DEFAULT NULL,
  `username` varchar(255) COLLATE utf8mb4_unicode_ci DEFAULT NULL,
  `daftar_sebagai` int(11) DEFAULT NULL,
  `nama_santri` varchar(255) COLLATE utf8mb4_unicode_ci DEFAULT NULL,
  `no_hp` varchar(14) COLLATE utf8mb4_unicode_ci DEFAULT NULL,
  `tempat` varchar(255) COLLATE utf8mb4_unicode_ci DEFAULT NULL,
  `tanggal` varchar(255) COLLATE utf8mb4_unicode_ci DEFAULT NULL,
  `bulan` int(11) DEFAULT NULL,
  `tahun` int(11) DEFAULT NULL,
  `email` varchar(255) COLLATE utf8mb4_unicode_ci DEFAULT NULL,
  `email_verified_at` timestamp NULL DEFAULT NULL,
  `password` varchar(255) COLLATE utf8mb4_unicode_ci DEFAULT NULL,
  `secret_number` varchar(255) COLLATE utf8mb4_unicode_ci DEFAULT NULL,
  `remember_token` varchar(100) COLLATE utf8mb4_unicode_ci DEFAULT NULL,
  `api_token` varchar(255) COLLATE utf8mb4_unicode_ci DEFAULT NULL,
  `created_at` timestamp NULL DEFAULT NULL,
  `updated_at` timestamp NULL DEFAULT NULL
) ENGINE=InnoDB DEFAULT CHARSET=utf8mb4 COLLATE=utf8mb4_unicode_ci;

--
-- Dumping data for table `users`
--

INSERT INTO `users` (`id`, `nisn`, `name`, `username`, `daftar_sebagai`, `nama_santri`, `no_hp`, `tempat`, `tanggal`, `bulan`, `tahun`, `email`, `email_verified_at`, `password`, `secret_number`, `remember_token`, `api_token`, `created_at`, `updated_at`) VALUES
(1, '12345678', 'Ihsanabuhanifah', 'ihsans', 0, NULL, NULL, 'sukabum', '2020-05-06', 0, 0, 'ihsan.ccnapreparation@gmail.com', NULL, '$2y$10$JJJ0tILlCTZuFlICzpQtKuHCuG7qZuVVvvdor7suC9oN1xONNrcea', NULL, NULL, NULL, '2020-05-05 21:07:53', '2020-05-05 21:07:53'),
(40, '12345678', 'ihsan Santana Wibawa', 'ihsanabuhanifah', 2, NULL, '085731660911', 'Sukabumi', '27', 4, 1992, 'ihsanabuhanifah@gmail.com', '2020-07-03 03:17:03', '$2y$10$NtaZGhUBzgpOr68ckZywI.FkjbsskhuxU4rCF9XYZeb4PzO/aM4l.', 'KMX78665@J#$', 'xEusYYVZXxUh7b9XmofbF0p0zaD3ysF79n50q82c9GzohEhtfwAazuN50aoQ', NULL, '2020-07-03 03:16:42', '2020-07-03 06:46:59'),
(41, '12345678', 'Arief Budiman', 'abud', 2, NULL, '085219426252', 'Solok', '3', 2, 1989, 'budiman3289@gmail.com', '2020-07-03 03:25:55', '$2y$10$gPIMiFWM0az1x9fii9hNQeDLJFNOYQ/ijBOYNuHoPIv.XRQSXXDl6', 'KMX78665@J#$', NULL, NULL, '2020-07-03 03:25:23', '2020-07-03 03:25:55'),
(42, '0048850591', 'Henry Prawoamijoyo', 'henrypr', 5, 'Muhamad Danendra Prawiroamijoyo', '081312662747', 'Jakarta', '26', 1, 1973, 'pr.henry@yahoo.co.id', '2020-07-03 04:24:43', '$2y$10$cxIYQKniYWfzICvVtICHXu9MxPmWf29vcK3seSSvrtwRPHGuCEov6', 'KMX787762XJ#$', NULL, NULL, '2020-07-03 04:22:47', '2020-07-03 04:24:43'),
(43, '0051317976', 'Debby tristiyanti', 'Debbybiet', 5, 'Aurelio Nabiel Rizqullah', '081210609600', 'Jakarya', '17', 12, 1982, 'debbybiet@gmail.com', '2020-07-03 04:48:26', '$2y$10$fvWaX56pUyoVrXHFeCX/UOiXbpbSLp6awZboW/bu6SjtGdMm0dBF.', 'KMX787762XJ#$', NULL, NULL, '2020-07-03 04:47:29', '2020-07-03 04:48:26'),
(44, '0048621268', 'Abdul Hakim Amrulloh', 'abdulhakimamrulloh@gmail.com', 5, 'Muhammad Faiz Al Ghozi', '081316881277', 'Brebes', '06', 1, 1977, 'abdulhakimamrulloh@gmail.com', '2020-07-03 05:43:40', '$2y$10$EvsWJpbYOAG.M8GanbQCZuxRlIr41VXkPEA2wAPopdl1l9iTWSKl6', 'KMX787762XJ#$', '2rYeXFVdzXhXUAjwyG9c9DHEyrJ3fvUX00eZTHBGt52wjrs0ICipI3gcbkBl', NULL, '2020-07-03 05:42:01', '2020-07-03 05:43:40'),
(45, '0043386036', 'Yuli Suganda', 'Yul Suganda', 5, 'Muhammad Abdul Muhyidin', '6285319418860', 'Bogor', '17', 1, 1981, 'yulisuganda730@gmail.com', '2020-07-03 05:54:14', '$2y$10$Si0QggGWrz3vDiIAl/PwBOagm6B3.vDRmxIKEY13ruclUJrNmUG2q', 'KMX787762XJ#$', NULL, NULL, '2020-07-03 05:53:26', '2020-07-03 05:54:14'),
(46, '0043386036', 'Muhamad Abdul Muhyidin', 'AbdulMuhyidin', 6, NULL, '6285211814123', 'Sumedang', '19', 12, 2004, 'muhyiii47@gmail.com', '2020-07-03 06:00:11', '$2y$10$ClCYCLBUc84CGGQ79zihD.eH4J3fcw9GT6faYsM..8U6n7HceEK5O', NULL, '09PQ7uI5e9eHD1wWvYm7Xi8bK1RYjcuHsTc4rUdin6X8DZTXm3eEHdYEJwbA', NULL, '2020-07-03 05:56:33', '2020-07-03 06:00:11'),
(47, '12345678', 'Muhammad Rafli Al Farabi', 'Alfarabay', 2, NULL, '082297041379', 'Bekasi', '13', 3, 1998, 'alfarabay@gmail.com', '2020-07-03 06:32:10', '$2y$10$4kBqBc5e6iQQmTTbIpfi.ejgGuerOWqxaMpG3fP/909xRq8dRDJ5O', 'KMX78665@J#$', NULL, NULL, '2020-07-03 06:30:24', '2020-07-03 06:32:10'),
(48, '0054479168', 'Purwati Badriah', 'Purwati', 5, 'Syarhabil Abdullah Hawari', '083147508722', 'Jakarta', '17', 8, 1982, 'purwatibadriah1982@gmail.com', '2020-07-03 06:41:45', '$2y$10$eZzyqmooETumCurUWbCtXeRoJsItK2XQbYLpFyLeMvnUlBrUwATn.', 'KMX787762XJ#$', NULL, NULL, '2020-07-03 06:41:08', '2020-07-03 06:41:45'),
(49, '0042197696', 'Ferdiansyah Ibnu Hafizh', 'ferdiansyah', 6, NULL, '085695010343', 'DKI jakarta', '15', 2, 2004, 'ferdif145@gmail.com', '2020-07-03 07:15:50', '$2y$10$AyxbLl981lLMhJWpJdT8v.4C0s5HF.MTigPF/H9Z/3izw48ulXcJK', NULL, NULL, NULL, '2020-07-03 07:15:08', '2020-07-03 07:15:50'),
(50, '1234567890', 'Ihsan', 'abunafisaihsan', 5, 'Nafisa', '085731660911', 'Sikabumi', '27', 4, 1992, 'abunafisaihsan@gmail.com', '2020-07-03 07:22:03', '$2y$10$H3oWfwkYipXhZcFpsieRAugyDEwepUkqbbx5V8WVa/CD0vlBQpgg.', 'KMX787762XJ#$', 'Tv3pwrlRC0gAXJ8SnYFJ0KLFcbZceS1oCMJDO2qjYFktudyyrJRdZcBXqr7h', NULL, '2020-07-03 07:21:35', '2020-07-03 07:22:03'),
(51, '0048850591', 'Danendra', 'Assassin', 6, NULL, '087875405311', 'Gorontalo', '03', 12, 2004, 'danendrapr55@gmail.com', '2020-07-03 07:33:35', '$2y$10$gxgbYZJBmqe13dOGCUrj7Od4cSDl5VvqCoO4Xask7PGrHFpWbea6S', NULL, 'NwCPNfRcMkmRKF5iWNUteuRx8eZdbpNsUA4ku9ZDDEhUxCZwY6a3qN1vybIP', NULL, '2020-07-03 07:32:42', '2020-07-03 07:33:35'),
(52, '0042197696', 'Mamay kusmayati', 'Mamay', 5, 'Ferdiansyah ibnu hafizh', '085711684780', 'Kuningan', '25', 1, 1978, 'kusmayatimaya08@gmail.com', '2020-07-03 07:38:47', '$2y$10$a7BDTt.2JdqJH5pnpbCO2e1am/KFeRtVtpCahebrcJovODVdyYQGi', 'KMX787762XJ#$', NULL, NULL, '2020-07-03 07:37:29', '2020-07-03 07:38:47'),
(53, '0053450411', 'Irwandi', 'Koplax2501@gmail.com', 5, 'Muhammad Dzaki Aldi Hafizh', '083879116862', 'Jakarta', '25', 1, 1977, 'koplax2501@gmail.com', '2020-07-03 13:01:44', '$2y$10$Bf4o/ZfSna.h0A5RchTbMu3iRdLwyHJ566pvT0awFTJxk6Yd1aT7m', 'KMX787762XJ#$', 'I2bc2quersZUh7oVRhEzaiwbZ4KSlpZkrwJUjEg5aEeaQSNwDoggIQdfQKZz', NULL, '2020-07-03 10:32:38', '2020-07-03 13:01:44'),
(54, '0056041120', 'Hasbi Mizan Azzami', 'Hasbi Mizan Azzami', 6, NULL, '085776603272', 'Bekasi', '15', 4, 2005, 'hasbimizanazzami@gmail.com', '2020-07-03 10:44:24', '$2y$10$trlj4WylSr3hhKKyeDg6ge8yMx/PXx7YOrDjpgnuROvzpNi.6lMgi', NULL, 'LNoLEof0cBzf2ho6rskWAumk6gcgsYXcKfbDMcOUjUWnARodrPnpjSwvZdCc', NULL, '2020-07-03 10:43:40', '2020-07-03 10:44:24'),
(55, '0056041120', 'Agus Suparlan', 'Agus Suparlan', 5, 'Hasbi Mizan Azzami', '081385420254', 'Jakarta', '8', 4, 1972, 'agus.suparlan@saint-gobain.com', '2020-07-03 11:01:09', '$2y$10$P/dFjpvEzFGGRNxis0OWTuWENnprJr2uJSk8dHU4Vt2TZ40vaeNO6', 'KMX787762XJ#$', NULL, NULL, '2020-07-03 10:52:19', '2020-07-03 11:01:09'),
(56, '0056041120', 'Nurlela', 'Nurlela', 5, 'Hasbi Mizan Azzami', '085885673696', 'Jakarta', '12', 6, 1972, 'nurlelasoeparlan@gmail.com', '2020-07-03 11:11:11', '$2y$10$WnhuEugOBmF9ICIyPHNhve2iISipl.ZEKu7CXvkoRf/Ha6GK2ffQW', 'KMX787762XJ#$', NULL, NULL, '2020-07-03 10:56:27', '2020-07-03 11:11:11'),
(57, '0056393275', 'Dewi Vitrizia', 'Dewi Vitrizia', 5, 'Naufal Fadhilla', '081277916185', 'Bandung', '30', 9, 1978, 'dewivitrizia3010@gmail.com', '2020-07-03 11:31:09', '$2y$10$ArZWRNJNP2LS6Zyw5t/GNOy7H9f6cKhhs0nC.tHiqPHlvA.ecCgp2', 'KMX787762)XJ#$', NULL, NULL, '2020-07-03 11:30:25', '2020-07-03 11:31:09'),
(58, '0051070353', 'Damiri', 'Damiri abu ilham', 5, 'Ilham Ainulyaqin', '081318165578', 'Bogor', '10', 1, 1976, 'damiritea76@gmail.com', '2020-07-03 15:06:20', '$2y$10$0OtdpXY7ZEaM.xZDJZOKXeDlOHG/WBBv1xKPtL1Kzxx5aTZWv.LhK', 'KMX787762KJ#$', NULL, NULL, '2020-07-03 11:41:51', '2020-07-03 15:06:20'),
(59, '0051070353', 'Ilham ainulyaqin', 'Ilham.', 6, NULL, '081384697234', 'Subang', '14', 3, 2005, 'ilham.a.04.14@gmail.com', '2020-07-03 15:11:27', '$2y$10$DiiMuCb/bYkkExhZJkSOBOYcoB62nCmRs2JnCggW60c33cNgkg1nC', NULL, NULL, NULL, '2020-07-03 11:47:50', '2020-07-03 15:11:27'),
(60, '0052860885', 'Ibrohim Lubis', 'ibrohimlubis1004', 5, 'Rifqi Hasan', '085710661266', 'Bekasi', '10', 4, 1968, 'alvinanurfadilah@gmail.com', NULL, '$2y$10$BKNKX2aKonqBSmg/wpUX7uD8xuL56vjMCPSCWz3pytkA7Nylr1hPa', 'KMX787762XJ.#$', NULL, NULL, '2020-07-03 11:53:31', '2020-07-03 11:53:31'),
(61, '0053450411', 'Melly yernetti', 'Melly', 5, 'Muhammad Dzaki Aldi Hafizh', '083872520625', 'Padang', '9', 5, 1983, 'mellyyernetti@gmail.com', '2020-07-03 12:04:41', '$2y$10$4Rt0WEMuhypHIKHJg4MXdO76j8h7KYDVGOkcdo3XlvTLzdy9MqZM2', 'KMX787762XJ#$', NULL, NULL, '2020-07-03 12:02:25', '2020-07-03 12:04:41'),
(62, '0052860885', 'Ibrohim Lubis', 'lubisibrohim1004', 5, 'Rifqi Hasan', '085710661266', 'Bekasi', '10', 1, 1968, 'nurfadilahalvina@gmail.com', '2020-07-03 12:29:08', '$2y$10$Qk9gsI1y3xbE33HAnd55UupXraXLGNyQC6zLmFRn.tnQA07Inc2se', 'KMX787762XJ#$', NULL, NULL, '2020-07-03 12:27:50', '2020-07-03 12:29:08'),
(63, '0044698361', 'Eko Agus Supriyono', 'ekodorif', 5, 'MUHAMMAD FUDAIL RAMADHANI', '081393938051', 'Kebumen', '21', 8, 1974, 'ekodorif@gmail.com', '2020-07-03 13:10:47', '$2y$10$N9spo5t8ujr25LyqO1G5pe5r3b33RNDH8zJtuQARrYeZCOuB8D68C', 'KMX787762XJ#$', '83ycIrau54X2Cfv3tXI85aFpQlA0ynuGJTl7qFIm1mzuuy8mLy66gJ17T2rR', NULL, '2020-07-03 13:06:12', '2020-07-03 13:10:47'),
(64, '0052860885', 'Rifqi', 'aburifqihasan', 5, 'Rifqi Hasan', '085710661266', 'Bekasi', '10', 4, 1968, 'lubisibrohim@gmail.com', '2020-07-03 13:44:22', '$2y$10$6POLTVp.NJHFUKzcHuRAU.oVn9uEpizPTRCvg5H2EBZKWMY6.GIWm', 'KMX787762XJ#$', NULL, NULL, '2020-07-03 13:41:00', '2020-07-03 13:44:22'),
(65, '0048621268', 'Muhammad Faiz AL Ghozi', 'Ghozy03', 6, NULL, '085776600505', 'Bojonegoro', '23', 9, 2004, 'muhammadfaizalghozi1@gmail.com', '2020-07-03 13:52:59', '$2y$10$cXPcDgwMk7sZxA7bJYET2.KP2mKUKdfr0q.QlvJCU/Izx5A0sIo2e', NULL, 'yPc0r4kwm5imhLZTZuffnnoKM5kKYU5Dvjqi1hQk0zaCb8CfFPeuEi3KNcg5', NULL, '2020-07-03 13:51:54', '2020-07-03 13:52:59'),
(66, '0052860885', 'Rifqi', 'rifqihasan', 6, NULL, '081932800372', 'Majalengka', '30', 9, 2005, 'hasanrifqi0905@gmail.com', '2020-07-03 14:17:41', '$2y$10$VMR1XAvUyxLppc0NXc0kiOMmnSKRM.2deA45T4V0QCa3xuT1xIEii', NULL, NULL, NULL, '2020-07-03 14:16:05', '2020-07-03 14:17:41'),
(67, '9741763676', 'Intaglia', 'intaglia', 5, 'Abdillah Ismail Adha', '0818651912', 'Jakarta', '20', 7, 1978, 'harsanti_intaglia@yahoo.com', '2020-07-03 17:12:49', '$2y$10$FEQUeC4LXyAumurDfYPTUO5MvGD.iRFzZiKLR9uA.sgppih9cG4oC', 'KMX787762XJ#$', 'Q85HcUCauZD9rk6J0rEJtcq3eTBhsagqleJqOfqJBOkMcek3JhdbNtRAKLsP', NULL, '2020-07-03 17:10:16', '2020-07-03 17:12:49'),
(68, '0055889026', 'Ilham Nur firdaus', 'Nurpahlawati', 5, 'Ilham Nur Firdaus', '081387886973', 'Bogor', '10', 11, 1981, 'ummuilham10@gmail.com', NULL, '$2y$10$8Xl9slg/qkVTY/0V2VvtzOh.2pf8xr7eIXG/wFpcy9e3B5gOyWCcK', 'KMX787762XJ#$', NULL, NULL, '2020-07-03 21:34:19', '2020-07-03 21:34:19'),
(69, '0046477742', 'Anang s', 'Anang', 5, 'Adien Hafizh Azzidan', '081310640495', 'Sleman', '28', 1, 1973, 'anangsetyawan52.as@gmail.com', '2020-07-03 21:37:15', '$2y$10$2XfMm3hhS2aJY2Yb3IYqvOVbKv0Ro7UFJUgEjwX.kXh0gxgmxs.gG', 'KMX787762XJ#S', NULL, NULL, '2020-07-03 21:36:20', '2020-07-03 21:37:15');

-- --------------------------------------------------------

--
-- Table structure for table `walis`
--

CREATE TABLE `walis` (
  `email` varchar(255) NOT NULL,
  `name` varchar(255) NOT NULL,
  `nisn` char(11) NOT NULL,
  `hubungan` int(11) NOT NULL
) ENGINE=InnoDB DEFAULT CHARSET=utf8mb4;

--
-- Dumping data for table `walis`
--

INSERT INTO `walis` (`email`, `name`, `nisn`, `hubungan`) VALUES
('abdulhakimamrulloh@gmail.com', 'Muhammad Faiz Al Ghozi', '0048621268', 1),
('abunafisaihsan@gmail.com', 'Nafisa', '1234567890', 1),
('agus.suparlan@saint-gobain.com', 'Hasbi Mizan Azzami', '0056041120', 1),
('debbybiet@gmail.com', 'Debby tristiyanti', '0051317976', 2),
('ekodorif@gmail.com', 'MUHAMMAD FUDAIL RAMADHANI', '0044698361', 1),
('harsanti_intaglia@yahoo.com', 'Abdillah Ismail Adha', '9741763676', 2),
('koplax2501@gmail.com', 'Muhammad Dzaki Aldi Hafizh', '0053450411', 1),
('kusmayatimaya08@gmail.com', 'Ferdiansyah ibnu hafizh', '0042197696', 2),
('lubisibrohim@gmail.com', 'Rifqi Hasan', '0052860885', 1),
('mellyyernetti@gmail.com', 'Muhammad Dzaki Aldi Hafizh', '0053450411', 1),
('nurfadilahalvina@gmail.com', 'Rifqi Hasan', '0052860885', 1),
('nurlelasoeparlan@gmail.com', 'Hasbi Mizan Azzami', '0056041120', 2),
('pr.henry@yahoo.co.id', 'Muhamad Danendra Prawiroamijoyo', '0048850591', 1),
('purwatibadriah1982@gmail.com', 'Syarhabil Abdullah Hawari', '0054479168', 2),
('yulisuganda730@gmail.com', 'Muhammad Abdul Muhyidin', '0043386036', 2);

--
-- Indexes for dumped tables
--

--
-- Indexes for table `babs`
--
ALTER TABLE `babs`
  ADD PRIMARY KEY (`id_bab`);

--
-- Indexes for table `banksoals`
--
ALTER TABLE `banksoals`
  ADD PRIMARY KEY (`id`);

--
-- Indexes for table `cikgus`
--
ALTER TABLE `cikgus`
  ADD PRIMARY KEY (`id_cikgu`),
  ADD UNIQUE KEY `username` (`username`,`email`);

--
-- Indexes for table `failed_jobs`
--
ALTER TABLE `failed_jobs`
  ADD PRIMARY KEY (`id`);

--
-- Indexes for table `jadwals`
--
ALTER TABLE `jadwals`
  ADD PRIMARY KEY (`no`),
  ADD KEY `id_subject` (`id_subject`,`id_cikgu`),
  ADD KEY `id_cikgu` (`id_cikgu`),
  ADD KEY `id_rombel` (`id_rombel`);

--
-- Indexes for table `jenis_ujians`
--
ALTER TABLE `jenis_ujians`
  ADD PRIMARY KEY (`id_ujian`);

--
-- Indexes for table `jurnals`
--
ALTER TABLE `jurnals`
  ADD PRIMARY KEY (`no`),
  ADD KEY `id_subject` (`id_subject`),
  ADD KEY `id_cikgu` (`id_cikgu`);

--
-- Indexes for table `jurnal_gurus`
--
ALTER TABLE `jurnal_gurus`
  ADD PRIMARY KEY (`id`);

--
-- Indexes for table `kbms`
--
ALTER TABLE `kbms`
  ADD PRIMARY KEY (`id`);

--
-- Indexes for table `kelompok_halaqohs`
--
ALTER TABLE `kelompok_halaqohs`
  ADD PRIMARY KEY (`id_kelompok`);

--
-- Indexes for table `laporan_halaqoh_onlines`
--
ALTER TABLE `laporan_halaqoh_onlines`
  ADD PRIMARY KEY (`id`);

--
-- Indexes for table `mapels`
--
ALTER TABLE `mapels`
  ADD PRIMARY KEY (`id_subject`);

--
-- Indexes for table `mapel_aktifs`
--
ALTER TABLE `mapel_aktifs`
  ADD PRIMARY KEY (`id`);

--
-- Indexes for table `materis`
--
ALTER TABLE `materis`
  ADD PRIMARY KEY (`id`);

--
-- Indexes for table `migrations`
--
ALTER TABLE `migrations`
  ADD PRIMARY KEY (`id`);

--
-- Indexes for table `model_has_permissions`
--
ALTER TABLE `model_has_permissions`
  ADD PRIMARY KEY (`permission_id`,`model_id`,`model_type`),
  ADD KEY `model_has_permissions_model_id_model_type_index` (`model_id`,`model_type`);

--
-- Indexes for table `model_has_roles`
--
ALTER TABLE `model_has_roles`
  ADD PRIMARY KEY (`role_id`,`model_id`,`model_type`),
  ADD KEY `model_has_roles_model_id_model_type_index` (`model_id`,`model_type`);

--
-- Indexes for table `password_resets`
--
ALTER TABLE `password_resets`
  ADD KEY `password_resets_email_index` (`email`);

--
-- Indexes for table `pembimbing_halaqohs`
--
ALTER TABLE `pembimbing_halaqohs`
  ADD PRIMARY KEY (`id`);

--
-- Indexes for table `penilaians`
--
ALTER TABLE `penilaians`
  ADD PRIMARY KEY (`id`);

--
-- Indexes for table `penilaian_siswas`
--
ALTER TABLE `penilaian_siswas`
  ADD PRIMARY KEY (`id`);

--
-- Indexes for table `permissions`
--
ALTER TABLE `permissions`
  ADD PRIMARY KEY (`id`);

--
-- Indexes for table `rekaman_halaqoh_onlines`
--
ALTER TABLE `rekaman_halaqoh_onlines`
  ADD PRIMARY KEY (`id`);

--
-- Indexes for table `roles`
--
ALTER TABLE `roles`
  ADD PRIMARY KEY (`id`);

--
-- Indexes for table `role_has_permissions`
--
ALTER TABLE `role_has_permissions`
  ADD PRIMARY KEY (`permission_id`,`role_id`),
  ADD KEY `role_has_permissions_role_id_foreign` (`role_id`);

--
-- Indexes for table `rombels`
--
ALTER TABLE `rombels`
  ADD PRIMARY KEY (`id_rombel`);

--
-- Indexes for table `rombel_halaqohs`
--
ALTER TABLE `rombel_halaqohs`
  ADD PRIMARY KEY (`id`);

--
-- Indexes for table `students`
--
ALTER TABLE `students`
  ADD PRIMARY KEY (`nis`),
  ADD UNIQUE KEY `nama` (`nama`),
  ADD UNIQUE KEY `username` (`username`),
  ADD KEY `id` (`id`);

--
-- Indexes for table `student_rombels`
--
ALTER TABLE `student_rombels`
  ADD PRIMARY KEY (`no`),
  ADD KEY `nis` (`nis`),
  ADD KEY `id_rombel` (`id_rombel`),
  ADD KEY `id_ta` (`id_ta`);

--
-- Indexes for table `surat_alqurans`
--
ALTER TABLE `surat_alqurans`
  ADD PRIMARY KEY (`id_surat`,`nama_surat`);

--
-- Indexes for table `tas`
--
ALTER TABLE `tas`
  ADD PRIMARY KEY (`id_ta`);

--
-- Indexes for table `tipe_ujians`
--
ALTER TABLE `tipe_ujians`
  ADD PRIMARY KEY (`id_tipe`);

--
-- Indexes for table `users`
--
ALTER TABLE `users`
  ADD PRIMARY KEY (`id`),
  ADD UNIQUE KEY `users_email_unique` (`email`);

--
-- Indexes for table `walis`
--
ALTER TABLE `walis`
  ADD PRIMARY KEY (`email`);

--
-- AUTO_INCREMENT for dumped tables
--

--
-- AUTO_INCREMENT for table `babs`
--
ALTER TABLE `babs`
  MODIFY `id_bab` int(11) NOT NULL AUTO_INCREMENT, AUTO_INCREMENT=62;

--
-- AUTO_INCREMENT for table `banksoals`
--
ALTER TABLE `banksoals`
  MODIFY `id` int(11) NOT NULL AUTO_INCREMENT, AUTO_INCREMENT=80;

--
-- AUTO_INCREMENT for table `cikgus`
--
ALTER TABLE `cikgus`
  MODIFY `id_cikgu` int(10) NOT NULL AUTO_INCREMENT, AUTO_INCREMENT=15;

--
-- AUTO_INCREMENT for table `failed_jobs`
--
ALTER TABLE `failed_jobs`
  MODIFY `id` bigint(20) UNSIGNED NOT NULL AUTO_INCREMENT;

--
-- AUTO_INCREMENT for table `jadwals`
--
ALTER TABLE `jadwals`
  MODIFY `no` int(10) NOT NULL AUTO_INCREMENT, AUTO_INCREMENT=31;

--
-- AUTO_INCREMENT for table `jenis_ujians`
--
ALTER TABLE `jenis_ujians`
  MODIFY `id_ujian` int(11) NOT NULL AUTO_INCREMENT, AUTO_INCREMENT=6;

--
-- AUTO_INCREMENT for table `jurnals`
--
ALTER TABLE `jurnals`
  MODIFY `no` int(11) NOT NULL AUTO_INCREMENT, AUTO_INCREMENT=107;

--
-- AUTO_INCREMENT for table `jurnal_gurus`
--
ALTER TABLE `jurnal_gurus`
  MODIFY `id` int(11) NOT NULL AUTO_INCREMENT, AUTO_INCREMENT=8;

--
-- AUTO_INCREMENT for table `kbms`
--
ALTER TABLE `kbms`
  MODIFY `id` bigint(20) UNSIGNED NOT NULL AUTO_INCREMENT, AUTO_INCREMENT=140;

--
-- AUTO_INCREMENT for table `kelompok_halaqohs`
--
ALTER TABLE `kelompok_halaqohs`
  MODIFY `id_kelompok` int(11) NOT NULL AUTO_INCREMENT, AUTO_INCREMENT=2;

--
-- AUTO_INCREMENT for table `laporan_halaqoh_onlines`
--
ALTER TABLE `laporan_halaqoh_onlines`
  MODIFY `id` int(11) NOT NULL AUTO_INCREMENT, AUTO_INCREMENT=23;

--
-- AUTO_INCREMENT for table `mapels`
--
ALTER TABLE `mapels`
  MODIFY `id_subject` int(10) NOT NULL AUTO_INCREMENT, AUTO_INCREMENT=16;

--
-- AUTO_INCREMENT for table `mapel_aktifs`
--
ALTER TABLE `mapel_aktifs`
  MODIFY `id` int(11) NOT NULL AUTO_INCREMENT, AUTO_INCREMENT=4;

--
-- AUTO_INCREMENT for table `materis`
--
ALTER TABLE `materis`
  MODIFY `id` int(5) NOT NULL AUTO_INCREMENT, AUTO_INCREMENT=201;

--
-- AUTO_INCREMENT for table `migrations`
--
ALTER TABLE `migrations`
  MODIFY `id` int(10) UNSIGNED NOT NULL AUTO_INCREMENT, AUTO_INCREMENT=8;

--
-- AUTO_INCREMENT for table `pembimbing_halaqohs`
--
ALTER TABLE `pembimbing_halaqohs`
  MODIFY `id` int(11) NOT NULL AUTO_INCREMENT, AUTO_INCREMENT=2;

--
-- AUTO_INCREMENT for table `penilaians`
--
ALTER TABLE `penilaians`
  MODIFY `id` int(11) NOT NULL AUTO_INCREMENT, AUTO_INCREMENT=248;

--
-- AUTO_INCREMENT for table `penilaian_siswas`
--
ALTER TABLE `penilaian_siswas`
  MODIFY `id` int(11) NOT NULL AUTO_INCREMENT, AUTO_INCREMENT=359;

--
-- AUTO_INCREMENT for table `permissions`
--
ALTER TABLE `permissions`
  MODIFY `id` bigint(20) UNSIGNED NOT NULL AUTO_INCREMENT;

--
-- AUTO_INCREMENT for table `rekaman_halaqoh_onlines`
--
ALTER TABLE `rekaman_halaqoh_onlines`
  MODIFY `id` int(11) NOT NULL AUTO_INCREMENT, AUTO_INCREMENT=43;

--
-- AUTO_INCREMENT for table `roles`
--
ALTER TABLE `roles`
  MODIFY `id` bigint(20) UNSIGNED NOT NULL AUTO_INCREMENT, AUTO_INCREMENT=8;

--
-- AUTO_INCREMENT for table `rombel_halaqohs`
--
ALTER TABLE `rombel_halaqohs`
  MODIFY `id` int(11) NOT NULL AUTO_INCREMENT, AUTO_INCREMENT=7;

--
-- AUTO_INCREMENT for table `students`
--
ALTER TABLE `students`
  MODIFY `id` int(11) NOT NULL AUTO_INCREMENT, AUTO_INCREMENT=31;

--
-- AUTO_INCREMENT for table `student_rombels`
--
ALTER TABLE `student_rombels`
  MODIFY `no` int(11) NOT NULL AUTO_INCREMENT, AUTO_INCREMENT=79;

--
-- AUTO_INCREMENT for table `tas`
--
ALTER TABLE `tas`
  MODIFY `id_ta` int(11) NOT NULL AUTO_INCREMENT, AUTO_INCREMENT=10;

--
-- AUTO_INCREMENT for table `tipe_ujians`
--
ALTER TABLE `tipe_ujians`
  MODIFY `id_tipe` int(11) NOT NULL AUTO_INCREMENT, AUTO_INCREMENT=3;

--
-- AUTO_INCREMENT for table `users`
--
ALTER TABLE `users`
  MODIFY `id` bigint(20) UNSIGNED NOT NULL AUTO_INCREMENT, AUTO_INCREMENT=70;

--
-- Constraints for dumped tables
--

--
-- Constraints for table `model_has_permissions`
--
ALTER TABLE `model_has_permissions`
  ADD CONSTRAINT `model_has_permissions_permission_id_foreign` FOREIGN KEY (`permission_id`) REFERENCES `permissions` (`id`) ON DELETE CASCADE;

--
-- Constraints for table `model_has_roles`
--
ALTER TABLE `model_has_roles`
  ADD CONSTRAINT `model_has_roles_role_id_foreign` FOREIGN KEY (`role_id`) REFERENCES `roles` (`id`) ON DELETE CASCADE;

--
-- Constraints for table `role_has_permissions`
--
ALTER TABLE `role_has_permissions`
  ADD CONSTRAINT `role_has_permissions_permission_id_foreign` FOREIGN KEY (`permission_id`) REFERENCES `permissions` (`id`) ON DELETE CASCADE,
  ADD CONSTRAINT `role_has_permissions_role_id_foreign` FOREIGN KEY (`role_id`) REFERENCES `roles` (`id`) ON DELETE CASCADE;
COMMIT;

/*!40101 SET CHARACTER_SET_CLIENT=@OLD_CHARACTER_SET_CLIENT */;
/*!40101 SET CHARACTER_SET_RESULTS=@OLD_CHARACTER_SET_RESULTS */;
/*!40101 SET COLLATION_CONNECTION=@OLD_COLLATION_CONNECTION */;
